price,host_response_rate,host_acceptance_rate,host_is_superhost,neighbourhood_cleansed,accommodates,bathrooms,bedrooms,beds,guests_included,review_scores_rating,reviews_per_month
220.00,1.00,0.44,f,West Cambridge,5,1,2,2,3,95,0.25
105.00,1.00,0.39,f,North Cambridge,3,1,1,1,1,95,1.19
75.00,1.00,0.39,f,North Cambridge,1,1,1,1,1,98,0.27
185.00,1.00,0.57,t,The Port,1,1,1,1,1,80,0.05
110.00,1.00,0.68,t,Neighborhood Nine,2,1.5,1,1,1,96,0.9
200.00,0.75,1.00,f,Riverside,2,1,1,2,1,80,0.04
250.00,1.00,0.57,t,The Port,2,1,1,1,2,88,0.09
225.00,1.00,0.94,t,The Port,5,1,2,3,4,97,3.24
260.00,1.00,0.57,t,The Port,3,1,1,1,2,96,0.14
180.00,1.00,0.44,f,West Cambridge,4,1,1,1,2,93,0.17
144.00,1.00,0.91,f,Cambridgeport,2,1,1,1,1,89,0.58
225.00,1.00,0.99,t,Mid-Cambridge,4,1,1,1,2,98,1.69
194.00,0.88,0.78,f,Riverside,4,1,1,1,3,91,0.82
300.00,1.00,1.00,f,The Port,6,2,2,4,4,96,0.6
110.00,N/A,1.00,t,Agassiz,3,1,1,1,2,97,2.27
180.00,0.70,0.46,f,Mid-Cambridge,4,1,1,1,2,95,0.56
150.00,1.00,0.44,f,West Cambridge,4,1,2,4,2,100,0.02
350.00,1.00,1.00,f,Wellington-Harrington,6,2,4,6,1,99,0.52
100.00,1.00,1.00,t,Cambridgeport,2,1,1,0,2,96,4.01
175.00,N/A,0.81,f,Wellington-Harrington,3,1,1,1,3,96,2.95
150.00,1.00,0.95,t,Cambridgeport,3,1,1,2,3,92,1.42
65.00,N/A,1.00,f,North Cambridge,2,1,1,1,1,94,4.58
98.00,1.00,0.80,t,The Port,2,1,1,1,1,99,3.32
70.00,1.00,0.98,t,Agassiz,2,1,1,1,1,98,5.18
100.00,N/A,0.50,t,Mid-Cambridge,2,1,1,1,1,96,0.07
125.00,0.80,0.00,f,Mid-Cambridge,3,1,1,1,2,98,0.12
79.00,1.00,0.80,t,North Cambridge,2,1,1,1,1,100,0.23
95.00,0.90,0.65,t,Cambridgeport,2,1,1,1,1,95,0.52
255.00,0.88,0.78,f,Riverside,4,1,1,1,3,87,0.87
125.00,N/A,0.74,t,Agassiz,1,1,1,1,1,96,0.76
95.00,0.90,0.65,t,Cambridgeport,1,1,1,1,1,94,0.78
179.00,1.00,1.00,t,Wellington-Harrington,5,1,2,2,1,94,5.02
125.00,N/A,0.74,t,North Cambridge,1,1,1,1,1,97,0.98
65.00,1.00,0.90,t,North Cambridge,3,1,1,1,1,93,4.45
23.00,1.00,0.43,f,The Port,2,1,1,1,1,84,1.49
33.00,1.00,0.43,f,The Port,1,1,1,1,1,89,2.09
160.00,1.00,0.38,f,Strawberry Hill,3,1,2,2,2,99,0.27
135.00,0.50,N/A,f,Mid-Cambridge,5,2,2,3,1,100,0.07
155.00,1.00,0.99,t,The Port,3,1,1,2,2,97,5.17
200.00,1.00,0.92,t,The Port,3,1,1,2,1,98,2.1
469.00,1.00,1.00,t,Cambridgeport,6,1,3,3,6,96,6.17
698.00,1.00,0.00,f,Wellington-Harrington,4,2,2,2,6,96,0.46
200.00,0.93,0.52,t,Neighborhood Nine,4,1,2,2,2,97,0.8
134.00,0.33,0.20,f,The Port,4,1,2,2,1,98,0.5
140.00,1.00,0.99,t,East Cambridge,2,1,1,1,1,98,3.79
140.00,1.00,0.99,t,East Cambridge,2,1,1,2,1,97,2.59
72.00,1.00,0.34,f,Neighborhood Nine,2,2,1,1,1,80,0.05
95.00,1.00,0.84,t,Neighborhood Nine,2,1,1,1,3,97,1.72
145.00,0.93,0.99,f,North Cambridge,2,1,0,2,1,93,0.42
190.00,0.93,0.99,f,North Cambridge,5,2,2,3,4,88,0.23
375.00,N/A,0.44,f,Neighborhood Nine,4,1,2,2,1,96,0.7
170.00,0.88,0.78,f,Riverside,4,1,1,1,2,89,1.52
140.00,1.00,0.90,t,Mid-Cambridge,2,1,1,1,1,99,1.31
120.00,0.33,0.00,f,Neighborhood Nine,2,1,1,1,2,80,0.01
170.00,1.00,0.90,t,Mid-Cambridge,4,1,2,2,3,99,0.55
240.00,0.88,0.78,f,Riverside,4,1,2,2,4,85,0.56
90.00,1.00,1.00,f,Mid-Cambridge,2,1,1,1,1,96,1.14
79.00,0.50,1.00,t,Strawberry Hill,1,1,1,1,1,97,0.4
259.00,0.92,0.57,f,Area 2/MIT,3,1,1,2,1,94,0.25
272.00,0.92,0.57,f,East Cambridge,5,2,2,3,1,99,0.41
225.00,1.00,0.60,f,Cambridgeport,3,2,2,2,3,94,0.78
330.00,N/A,0.88,f,Mid-Cambridge,3,1,1,1,1,100,0.1
160.00,1.00,0.97,t,The Port,2,1,1,1,2,98,2.05
145.00,1.00,0.95,f,Cambridgeport,2,1,1,1,2,95,2.48
425.00,1.00,0.99,t,West Cambridge,10,1.5,4,5,10,95,4.12
125.00,1.00,0.62,t,Strawberry Hill,2,1,1,1,1,98,0.37
155.00,1.00,0.94,t,Mid-Cambridge,2,1,1,1,2,96,1.75
85.00,1.00,1.00,t,Wellington-Harrington,2,1,1,1,1,98,0.66
75.00,1.00,0.67,t,Cambridgeport,2,1,1,1,1,99,1.42
259.00,0.92,0.57,f,East Cambridge,3,1,1,2,1,96,0.07
95.00,1.00,N/A,f,Mid-Cambridge,2,1,1,1,2,92,0.56
329.00,1.00,0.99,t,Mid-Cambridge,4,1,2,2,4,93,1.09
120.00,0.91,0.72,f,Wellington-Harrington,2,1.5,1,1,1,97,0.68
60.00,N/A,1.00,f,North Cambridge,2,1,1,1,1,95,2.64
129.00,1.00,0.83,f,Cambridgeport,1,1,1,1,1,95,0.26
125.00,1.00,0.98,t,Neighborhood Nine,4,1,2,3,2,98,2.98
350.00,1.00,1.00,t,Cambridgeport,4,1,2,2,4,97,6.47
250.00,1.00,0.94,t,The Port,5,1,2,4,4,98,3.63
250.00,0.93,0.52,t,Cambridge Highlands,6,1,3,3,2,94,0.6
95.00,0.88,0.64,f,Cambridgeport,2,1,1,0,1,95,0.91
115.00,1.00,0.84,t,Wellington-Harrington,2,1,1,1,1,96,1.52
220.00,0.92,0.57,f,Area 2/MIT,3,1,1,2,1,96,0.2
107.00,0.90,1.00,t,Cambridgeport,2,1,1,1,2,95,3.4
245.00,N/A,N/A,f,Strawberry Hill,5,2,3,3,4,95,0.06
429.00,1.00,0.99,t,Mid-Cambridge,4,1,2,2,4,90,0.59
225.00,1.00,0.40,f,Neighborhood Nine,4,1,2,2,2,93,0.04
147.00,1.00,0.34,f,Neighborhood Nine,4,1,2,2,2,100,0.01
300.00,1.00,0.64,t,West Cambridge,2,1,1,1,1,99,1.62
225.00,1.00,1.00,f,Wellington-Harrington,5,1,3,4,1,96,5.75
55.00,1.00,0.40,f,Neighborhood Nine,1,2,1,1,1,92,0.09
265.00,1.00,0.77,t,East Cambridge,4,1,2,2,4,98,0.66
150.00,1.00,0.95,t,Strawberry Hill,6,1,3,3,3,98,0.84
94.00,0.80,0.88,f,West Cambridge,1,1,1,1,2,84,0.53
89.00,0.80,0.88,f,West Cambridge,1,1,1,1,1,92,0.38
79.00,1.00,0.80,t,North Cambridge,2,1,1,1,1,98,0.42
149.00,1.00,1.00,t,Cambridgeport,2,1,0,1,2,97,3.15
65.00,1.00,0.95,t,Strawberry Hill,1,1,1,1,1,99,0.61
116.00,1.00,1.00,t,The Port,2,1,1,1,1,95,8.24
115.00,1.00,1.00,t,The Port,1,1.5,1,1,1,96,8.4
65.00,1.00,0.95,t,Strawberry Hill,2,1,1,1,1,97,0.64
160.00,1.00,1.00,t,Agassiz,4,1,2,2,1,95,1.89
55.00,1.00,0.40,f,Neighborhood Nine,1,2,1,1,1,96,0.07
250.00,N/A,0.88,f,Mid-Cambridge,5,1,2,4,1,92,0.28
100.00,1.00,0.50,t,East Cambridge,3,1,1,2,1,96,0.39
250.00,N/A,1.00,f,Cambridgeport,4,1,2,2,1,100,0.18
185.00,0.88,0.78,f,Neighborhood Nine,3,1,2,2,1,90,0.54
99.00,0.83,1.00,t,Riverside,2,1,1,1,1,94,1.54
272.00,0.92,0.57,f,East Cambridge,5,2,2,3,1,93,0.15
337.00,0.92,0.57,f,East Cambridge,5,2,2,3,1,95,0.22
80.00,N/A,N/A,f,Mid-Cambridge,1,1,1,1,1,96,0.17
170.00,1.00,1.00,t,Cambridgeport,4,1,1,1,2,96,3.86
70.00,1.00,0.40,f,Neighborhood Nine,1,1,1,1,1,80,0.07
82.00,0.91,0.72,f,Wellington-Harrington,2,1.5,1,1,1,93,0.44
122.00,1.00,0.34,f,Neighborhood Nine,2,1,1,1,1,100,0.05
140.00,1.00,0.00,f,North Cambridge,2,1,1,1,1,98,1.04
84.00,N/A,0.29,f,The Port,4,1,2,2,1,94,0.5
120.00,0.95,0.98,f,West Cambridge,5,1,1,3,2,91,3.09
350.00,1.00,0.99,t,Cambridgeport,10,2,3,5,5,93,2.27
99.00,1.00,0.99,t,Mid-Cambridge,1,1,1,2,1,99,2.99
275.00,N/A,1.00,t,North Cambridge,5,1,3,3,1,99,0.58
94.00,0.80,0.88,f,West Cambridge,1,1,1,1,2,88,0.56
125.00,1.00,0.62,t,Strawberry Hill,2,1,1,1,1,97,0.32
285.00,1.00,1.00,t,The Port,6,2,3,4,5,96,0.85
279.00,1.00,0.84,t,Agassiz,4,1,2,2,1,96,0.72
278.00,0.92,0.57,f,East Cambridge,3,1,1,2,1,100,0.03
84.00,0.80,0.88,f,West Cambridge,1,1,1,1,1,86,0.44
337.00,0.92,0.57,f,East Cambridge,5,2,2,3,1,91,0.14
220.00,0.92,0.57,f,East Cambridge,3,1,1,2,1,90,0.06
340.00,1.00,1.00,t,The Port,8,2,3,5,6,97,1.61
175.00,1.00,1.00,t,Mid-Cambridge,3,1,1,2,2,94,3.95
220.00,0.92,0.57,f,East Cambridge,3,1,1,2,1,90,0.04
500.00,1.00,1.00,f,West Cambridge,14,2,5,5,8,98,1.13
60.00,1.00,1.00,t,Wellington-Harrington,2,1,1,2,1,91,0.25
145.00,1.00,1.00,t,Mid-Cambridge,2,1,1,1,2,97,4.46
155.00,0.80,0.88,f,West Cambridge,3,1,1,2,2,78,0.79
170.00,1.00,1.00,t,The Port,2,1,0,2,2,96,1.04
179.00,N/A,0.00,f,Strawberry Hill,4,1,1,3,2,98,0.69
129.00,1.00,1.00,t,East Cambridge,4,1,1,1,2,96,3.25
150.00,1.00,1.00,t,Wellington-Harrington,5,1,2,5,3,94,6.6
70.00,N/A,N/A,f,West Cambridge,1,1,1,1,1,,
250.00,1.00,1.00,t,Cambridgeport,7,2.5,4,9,5,93,0.78
170.00,N/A,0.00,f,Strawberry Hill,2,1,1,2,2,,
165.00,1.00,0.87,t,North Cambridge,2,1,1,1,2,99,6.34
275.00,1.00,1.00,t,The Port,6,2,2,3,4,97,1.54
145.00,1.00,0.86,t,Agassiz,4,1,2,3,2,99,1.93
179.00,0.75,1.00,f,Neighborhood Nine,2,1,1,1,1,91,0.27
75.00,1.00,0.97,t,The Port,1,1,1,1,1,97,1.04
58.00,0.00,0.25,f,Wellington-Harrington,2,2,1,1,2,100,1
108.00,1.00,0.27,f,Mid-Cambridge,2,1,0,1,2,85,0.18
64.00,N/A,0.83,f,The Port,2,1,1,1,2,94,0.85
237.00,0.75,1.00,f,Mid-Cambridge,4,1,2,2,4,90,0.73
225.00,N/A,N/A,f,Wellington-Harrington,4,1,2,2,2,100,0.05
135.00,1.00,0.99,t,Mid-Cambridge,2,1,1,1,1,99,7.64
299.00,1.00,0.93,f,Mid-Cambridge,4,1,1,2,2,82,2.24
300.00,N/A,N/A,f,Neighborhood Nine,2,1.5,1,1,1,100,0.16
100.00,N/A,0.10,f,Mid-Cambridge,1,1,1,1,1,99,1.14
225.00,1.00,1.00,t,Mid-Cambridge,6,1,1,0,3,96,3.91
410.00,1.00,0.57,f,West Cambridge,5,2.5,3,3,1,99,0.49
200.00,N/A,0.79,t,West Cambridge,5,1.5,3,6,4,100,0.05
287.00,1.00,1.00,t,The Port,5,2,2,3,4,96,0.77
184.00,1.00,1.00,t,West Cambridge,2,1,1,1,2,98,4.48
125.00,1.00,0.78,t,The Port,2,1,1,0,1,88,0.87
195.00,1.00,0.99,t,Neighborhood Nine,4,1,2,3,2,98,2.35
199.00,0.99,0.92,f,East Cambridge,3,1,1,2,1,100,0.02
74.00,1.00,0.74,f,Riverside,2,1,1,1,1,87,0.4
61.00,1.00,0.74,f,Riverside,1,1,1,1,1,85,0.2
87.00,1.00,0.74,f,Riverside,2,1,1,1,1,91,0.67
150.00,N/A,0.60,f,Mid-Cambridge,2,1,0,1,1,97,0.18
189.00,0.99,0.92,f,East Cambridge,3,1,1,2,1,100,0.05
165.00,1.00,0.67,f,Neighborhood Nine,1,1,1,1,1,96,0.27
265.00,1.00,0.99,t,West Cambridge,6,1,2,2,1,95,2.56
250.00,1.00,0.96,t,North Cambridge,5,2,3,3,5,97,1.27
274.00,1.00,1.00,t,Agassiz,5,1,2,3,4,100,4.08
150.00,N/A,N/A,f,North Cambridge,4,1,2,2,1,100,0.09
133.00,1.00,1.00,f,Neighborhood Nine,3,1,2,2,1,93,0.31
278.00,0.92,0.57,f,East Cambridge,3,1,1,2,1,96,0.18
80.00,1.00,0.95,t,Wellington-Harrington,1,1,1,1,1,99,0.99
310.00,N/A,N/A,f,Cambridgeport,6,2,2,2,1,90,0.09
249.00,1.00,0.87,f,The Port,10,1,2,5,6,86,4.87
550.00,1.00,1.00,f,Cambridgeport,8,2.5,5,6,6,95,0.33
52.00,1.00,0.90,t,Agassiz,1,2.5,1,0,1,98,7.38
125.00,N/A,0.83,f,Cambridgeport,1,1,1,1,1,96,1.23
94.00,1.00,1.00,f,Cambridge Highlands,1,1,1,1,1,94,2.24
45.00,1.00,1.00,f,Neighborhood Nine,2,1,1,1,2,93,3.59
275.00,1.00,0.56,f,Agassiz,4,1,2,2,4,98,0.47
88.00,1.00,0.95,t,Mid-Cambridge,2,1,1,1,1,98,2.18
395.00,1.00,1.00,t,North Cambridge,10,2,4,6,1,99,2.35
85.00,N/A,N/A,f,Mid-Cambridge,1,1.5,1,1,1,96,0.88
259.00,0.99,0.92,f,East Cambridge,5,2,2,3,1,100,0.09
300.00,1.00,0.67,f,West Cambridge,3,1,2,2,2,80,0.05
90.00,1.00,0.89,t,Neighborhood Nine,1,1,1,1,1,100,2.68
90.00,1.00,0.89,t,Neighborhood Nine,1,1,1,1,1,99,3.25
179.00,0.99,0.92,f,East Cambridge,5,2,2,3,1,89,0.3
60.00,1.00,0.96,t,North Cambridge,1,1,1,1,1,98,0.49
95.00,1.00,1.00,t,Wellington-Harrington,2,1,1,1,1,98,4.63
149.00,1.00,0.99,t,Riverside,1,1,1,1,1,96,0.44
84.00,1.00,0.95,t,Mid-Cambridge,1,1,1,1,1,98,3.12
64.00,1.00,0.34,f,Neighborhood Nine,2,2,1,1,1,100,0.16
150.00,1.00,1.00,f,Mid-Cambridge,4,1.5,1,1,1,79,1.89
75.00,1.00,1.00,t,Wellington-Harrington,1,1,1,1,1,98,4.02
110.00,1.00,0.81,f,Cambridgeport,2,1,1,1,1,99,1.29
495.00,N/A,1.00,f,North Cambridge,9,2,4,3,8,100,0.1
129.00,1.00,1.00,f,East Cambridge,5,1,1,2,1,88,5.88
265.00,1.00,1.00,t,Neighborhood Nine,6,2,2,3,4,97,0.71
66.00,1.00,1.00,f,Neighborhood Nine,2,1,1,1,2,95,6.23
125.00,1.00,0.95,t,Riverside,1,1,1,1,1,98,3.31
120.00,1.00,1.00,f,Mid-Cambridge,2,1,1,1,1,96,1.04
140.00,N/A,N/A,f,East Cambridge,4,1,1,1,1,93,0.11
100.00,1.00,1.00,t,The Port,1,1.5,1,1,1,97,7.04
94.00,1.00,1.00,t,The Port,2,1,1,1,1,96,8.43
129.00,1.00,0.82,t,North Cambridge,4,1.5,1,2,1,100,2.88
200.00,0.90,0.79,t,Mid-Cambridge,2,1,1,1,2,97,0.41
200.00,0.90,0.79,t,Mid-Cambridge,3,1,1,2,2,99,0.35
155.00,0.90,0.79,t,Mid-Cambridge,2,1,0,1,1,96,0.31
115.00,0.90,0.79,t,Mid-Cambridge,2,1,0,1,2,99,0.38
175.00,0.90,0.79,t,Mid-Cambridge,2,1,0,1,2,100,0.46
130.00,0.00,0.27,f,Riverside,1,1,1,1,1,100,0.04
260.00,1.00,1.00,t,Neighborhood Nine,6,2,2,3,4,95,0.74
249.00,0.99,0.92,f,East Cambridge,5,2,2,3,1,93,0.11
209.00,0.99,0.92,f,East Cambridge,3,1,1,2,1,100,0.09
109.00,0.86,0.78,t,Mid-Cambridge,1,1,1,1,2,97,1.13
95.00,1.00,0.98,f,East Cambridge,1,2,1,1,1,97,3.39
100.00,1.00,1.00,t,The Port,2,1,1,1,1,96,8.88
290.00,1.00,1.00,t,The Port,6,2,2,3,4,95,1.18
199.00,1.00,1.00,t,The Port,2,1,1,1,2,96,2.02
129.00,1.00,1.00,t,The Port,2,1,1,1,2,95,1.4
395.00,1.00,1.00,f,Cambridgeport,8,3,4,6,4,92,1.46
100.00,1.00,0.62,t,Cambridgeport,2,1,1,1,1,99,1.23
149.00,1.00,1.00,t,The Port,2,1,1,1,2,95,1.58
210.00,N/A,0.30,f,Cambridgeport,3,1,2,2,1,94,0.58
77.00,N/A,1.00,f,Riverside,1,1,1,1,1,99,1.19
89.00,0.75,0.50,f,East Cambridge,1,1,1,1,1,97,0.55
112.00,1.00,0.63,t,Mid-Cambridge,3,1,1,2,1,99,3.48
150.00,1.00,0.97,f,Mid-Cambridge,2,1,1,1,2,100,3.01
109.00,N/A,0.00,f,East Cambridge,1,1,1,1,1,89,0.59
270.00,0.50,0.97,f,West Cambridge,6,1,2,2,4,93,2.15
225.00,0.90,0.99,f,The Port,8,1.5,3,4,8,88,8.08
320.00,N/A,0.48,f,Mid-Cambridge,4,1,1,2,2,78,0.26
85.00,1.00,1.00,t,Mid-Cambridge,2,1,1,1,1,98,4.21
110.00,N/A,0.30,f,Cambridgeport,1,1,1,1,1,98,0.18
200.00,1.00,0.95,t,North Cambridge,4,1,2,3,1,100,0.62
100.00,1.00,1.00,f,Neighborhood Nine,2,1,1,2,2,94,4.53
499.00,0.00,N/A,f,Agassiz,9,3,4,6,7,90,0.04
80.00,N/A,0.30,f,Cambridgeport,2,1,1,0,2,96,0.88
125.00,1.00,1.00,t,Neighborhood Nine,2,1,1,1,1,97,1.58
90.00,1.00,1.00,t,Neighborhood Nine,2,1,1,1,1,97,3.38
149.00,1.00,1.00,t,Agassiz,4,1,2,3,1,99,2.6
110.00,1.00,1.00,t,Cambridgeport,1,1,1,1,1,96,0.47
325.00,1.00,1.00,t,The Port,5,2.5,3,5,1,95,0.56
120.00,1.00,1.00,t,Mid-Cambridge,2,1,1,1,1,95,0.27
154.00,1.00,0.64,t,Mid-Cambridge,4,1.5,1,1,1,98,1.78
90.00,1.00,0.77,t,Mid-Cambridge,2,1,0,1,1,100,0.05
199.00,0.99,0.92,f,East Cambridge,3,1,1,2,1,100,0.02
199.00,0.99,0.92,f,East Cambridge,3,1,1,2,1,90,0.09
189.00,0.99,0.92,f,East Cambridge,3,1,1,2,1,93,0.07
299.00,0.99,0.92,f,East Cambridge,3,1,1,2,1,100,0.07
229.00,0.99,0.92,f,East Cambridge,5,2,2,3,1,96,0.12
179.00,0.99,0.92,f,East Cambridge,5,2,2,3,1,91,0.16
249.00,0.99,0.92,f,East Cambridge,5,2,2,3,1,100,0.04
249.00,0.99,0.92,f,East Cambridge,5,2,2,3,1,94,0.24
110.00,1.00,1.00,t,Cambridgeport,2,1,1,2,1,88,0.7
325.00,1.00,1.00,t,Cambridgeport,5,2.5,3,0,1,94,0.57
110.00,1.00,1.00,t,The Port,2,1,1,2,1,94,1.05
120.00,1.00,1.00,t,Riverside,2,1,1,0,1,94,0.47
100.00,1.00,1.00,t,North Cambridge,1,1,1,1,1,91,0.68
179.00,1.00,0.68,t,Cambridgeport,2,1,1,1,1,95,1.09
72.00,1.00,0.74,f,Riverside,1,1,1,1,1,91,0.73
299.00,1.00,1.00,t,Mid-Cambridge,9,3,3,4,6,92,1.99
250.00,1.00,1.00,t,Mid-Cambridge,5,1,2,3,4,91,2.66
299.00,1.00,1.00,t,Mid-Cambridge,9,2,2,2,7,92,1.7
190.00,1.00,0.96,t,North Cambridge,4,1,2,2,1,99,3.03
125.00,1.00,1.00,f,East Cambridge,5,1,1,3,4,91,7.19
131.00,0.71,0.78,f,North Cambridge,2,1,1,1,1,97,1.79
325.00,1.00,1.00,t,The Port,5,2.5,3,0,1,94,0.6
275.00,1.00,1.00,t,Cambridgeport,3,2.5,3,3,1,94,0.38
220.00,1.00,1.00,t,The Port,4,1,1,2,2,98,0.92
100.00,1.00,0.67,f,Riverside,2,1.5,1,1,1,100,0.12
160.00,N/A,1.00,f,North Cambridge,3,2,2,2,1,92,0.59
110.00,1.00,0.92,f,Cambridgeport,2,1,1,1,2,96,1.24
250.00,1.00,0.94,t,Riverside,4,1,2,3,4,99,0.6
190.00,1.00,0.79,f,Agassiz,3,1,1,2,1,97,1.21
168.00,1.00,0.83,f,Mid-Cambridge,4,1,1,2,3,92,1.88
370.00,1.00,1.00,t,The Port,9,2,3,6,6,98,1.13
119.00,1.00,0.99,t,Mid-Cambridge,4,1,1,3,2,98,2.25
160.00,1.00,0.94,t,Riverside,2,1,1,1,2,99,0.44
280.00,1.00,1.00,t,Neighborhood Nine,9,2,3,5,6,97,1.07
201.00,1.00,0.99,t,Neighborhood Nine,4,1,2,3,2,97,1.63
90.00,0.91,0.97,f,Mid-Cambridge,2,1,1,1,1,96,2.47
48.00,0.86,1.00,t,Mid-Cambridge,1,2,1,1,1,96,7.33
390.00,N/A,0.00,f,Mid-Cambridge,6,2,2,2,4,98,0.58
500.00,N/A,N/A,f,West Cambridge,4,2,2,2,1,100,0.12
100.00,1.00,1.00,t,Cambridgeport,2,1,1,1,1,98,8.03
141.00,1.00,1.00,f,The Port,5,1,2,2,1,93,4.42
150.00,N/A,0.92,f,Neighborhood Nine,2,1,0,1,2,96,0.53
350.00,1.00,1.00,t,Cambridgeport,6,2.5,3,6,1,100,0.29
110.00,1.00,1.00,t,Cambridgeport,2,1,1,2,1,94,1.76
240.00,1.00,0.92,f,Mid-Cambridge,6,1,2,2,4,95,2.13
175.00,1.00,0.99,t,Cambridgeport,2,1,0,1,1,97,6.13
115.00,N/A,1.00,f,Mid-Cambridge,1,1,1,1,1,80,0.07
70.00,0.86,1.00,t,Mid-Cambridge,1,2,1,1,1,95,8.01
140.00,1.00,0.84,f,Riverside,5,1,2,2,1,90,0.13
258.00,1.00,1.00,t,Strawberry Hill,6,1,2,2,4,98,0.76
126.00,1.00,0.92,t,Mid-Cambridge,2,1,1,1,1,93,1.52
275.00,1.00,1.00,t,The Port,6,2,2,3,4,95,0.89
150.00,N/A,N/A,f,Neighborhood Nine,3,1,2,2,1,,
179.00,1.00,0.68,t,Cambridgeport,2,1,1,1,1,99,1.22
120.00,1.00,0.84,f,North Cambridge,4,1,2,2,1,76,0.11
90.00,1.00,0.98,f,East Cambridge,1,1,1,1,1,92,2.17
150.00,1.00,0.84,f,Mid-Cambridge,4,2.5,2,2,1,87,0.09
75.00,1.00,1.00,f,Strawberry Hill,1,1,1,1,1,93,0.52
495.00,1.00,1.00,t,Strawberry Hill,10,2,4,5,8,98,0.96
194.00,1.00,0.78,f,Cambridgeport,2,1,1,2,1,95,0.09
200.00,1.00,0.68,t,Cambridgeport,4,2,2,3,1,99,1.37
75.00,0.80,0.66,t,Agassiz,1,1,1,1,1,99,0.58
95.00,N/A,N/A,f,Cambridgeport,1,1,1,1,2,100,0.94
110.00,1.00,0.84,f,Mid-Cambridge,2,1,0,1,1,96,0.2
89.00,1.00,1.00,t,Strawberry Hill,2,1,1,1,1,97,0.53
65.00,1.00,0.86,t,The Port,1,1,1,1,1,99,0.56
175.00,1.00,1.00,t,Cambridgeport,2,1,1,1,1,98,0.83
89.00,1.00,1.00,t,Strawberry Hill,2,1,1,1,1,100,0.24
60.00,0.91,0.97,f,Mid-Cambridge,2,1,1,2,1,96,3.3
75.00,1.00,1.00,t,Strawberry Hill,2,1,1,2,2,95,0.48
89.00,1.00,1.00,t,Strawberry Hill,2,1,1,1,1,98,0.21
75.00,1.00,0.96,t,North Cambridge,1,1,1,1,1,99,1.28
129.00,N/A,N/A,f,Mid-Cambridge,2,1,1,1,2,97,0.98
110.00,1.00,0.84,f,Mid-Cambridge,2,1,0,1,1,90,0.09
120.00,1.00,1.00,t,Cambridgeport,2,1,1,2,1,97,2.1
150.00,1.00,0.84,f,Riverside,4,1,2,2,1,80,0.03
60.00,N/A,1.00,f,Cambridgeport,1,1,1,1,1,96,0.38
325.00,1.00,1.00,t,Cambridgeport,5,2.5,3,0,1,93,0.07
99.00,1.00,0.40,f,Neighborhood Nine,1,1,0,1,1,100,0.08
99.00,1.00,0.98,f,East Cambridge,1,1,1,1,1,94,3.16
200.00,N/A,1.00,t,East Cambridge,4,1,1,1,1,99,0.86
85.00,1.00,0.84,f,Mid-Cambridge,1,1,0,1,1,93,0.18
130.00,1.00,0.84,f,Mid-Cambridge,2,2,1,1,1,60,0.02
120.00,1.00,0.84,f,North Cambridge,2,1,1,1,1,100,0.03
250.00,1.00,0.95,t,Riverside,7,2,3,3,1,99,4.53
125.00,1.00,0.97,t,Strawberry Hill,3,1,1,1,2,99,5.71
130.00,1.00,0.84,f,Riverside,4,1,2,2,1,100,0.2
190.00,1.00,0.96,t,Wellington-Harrington,8,2,3,5,6,98,4.87
75.00,1.00,1.00,f,Mid-Cambridge,2,1,1,1,1,95,5.25
75.00,1.00,1.00,f,Riverside,2,1,1,1,1,94,4.62
145.00,0.92,0.91,f,Wellington-Harrington,7,1,2,3,2,92,5.33
179.00,1.00,0.68,t,Cambridgeport,2,1,1,1,1,98,0.61
219.00,0.99,0.92,f,East Cambridge,3,1,1,2,1,100,0.09
165.00,1.00,0.92,t,East Cambridge,3,1,1,1,2,100,2.8
150.00,N/A,0.83,f,The Port,5,1,2,2,1,90,0.14
179.00,N/A,1.00,f,Mid-Cambridge,4,1,1,1,2,93,0.27
95.00,1.00,1.00,t,Neighborhood Nine,2,2,1,1,1,97,2.67
130.00,1.00,0.84,f,Riverside,4,1,2,2,1,91,0.2
145.00,1.00,1.00,f,Agassiz,4,1,1,2,2,94,4.5
90.00,1.00,0.78,t,The Port,2,1,1,0,1,93,0.91
100.00,1.00,1.00,t,Wellington-Harrington,2,1,0,1,1,99,1.86
60.00,N/A,N/A,f,The Port,1,1,1,1,1,93,0.07
89.00,1.00,0.99,f,Mid-Cambridge,2,1,1,1,1,93,1.67
300.00,1.00,0.99,t,Cambridgeport,4,2.5,2,2,1,98,3.97
117.00,1.00,0.98,f,East Cambridge,1,1,1,1,1,94,1.67
70.00,N/A,N/A,f,Wellington-Harrington,2,1,2,1,1,80,0.07
120.00,1.00,1.00,t,The Port,1,1,1,1,1,97,0.67
110.00,1.00,1.00,t,Cambridgeport,1,1,1,1,1,93,0.39
135.00,N/A,0.33,f,Riverside,2,1,0,1,1,94,0.23
100.00,1.00,0.91,t,Agassiz,1,1,1,1,1,100,3.11
70.00,1.00,0.74,f,Cambridgeport,2,1,1,1,1,92,0.3
219.00,0.99,0.92,f,East Cambridge,3,1,1,2,1,80,0.05
88.00,1.00,1.00,f,East Cambridge,2,1,1,1,1,92,0.6
64.00,1.00,0.74,f,Cambridgeport,1,1,1,1,1,92,0.3
225.00,N/A,0.96,f,Cambridgeport,5,1,2,2,2,94,2.97
179.00,1.00,0.68,t,Cambridgeport,2,1,1,1,1,97,0.88
60.00,1.00,1.00,f,Strawberry Hill,1,1,1,1,1,96,0.68
100.00,1.00,0.00,f,Mid-Cambridge,2,1.5,2,2,1,,
120.00,1.00,0.98,t,West Cambridge,4,1,0,1,1,96,4.1
70.00,N/A,1.00,f,Riverside,1,1,1,0,1,96,0.15
75.00,1.00,1.00,f,Riverside,2,1,1,1,1,94,5.11
395.00,N/A,N/A,f,Mid-Cambridge,1,1,1,1,1,100,0.02
75.00,1.00,1.00,f,Riverside,2,1,1,1,1,93,4.71
205.00,N/A,N/A,f,The Port,2,1,1,1,1,98,0.39
170.00,1.00,0.92,t,The Port,3,1,1,1,2,99,0.53
225.00,0.93,1.00,f,Riverside,5,1,2,3,4,86,2.09
160.00,1.00,0.92,t,The Port,3,1,1,1,2,97,0.16
80.00,1.00,0.78,t,The Port,1,2,1,1,1,96,0.21
70.00,N/A,1.00,f,Cambridgeport,2,1,1,1,1,97,0.83
110.00,1.00,1.00,t,The Port,2,1,1,2,1,96,1.66
325.00,1.00,1.00,t,Cambridgeport,5,2.5,3,5,1,95,0.26
120.00,1.00,1.00,t,Cambridgeport,2,1,1,2,1,96,1.61
110.00,1.00,1.00,t,Cambridgeport,2,1,1,2,1,96,1.19
130.00,1.00,1.00,t,Cambridgeport,2,1,1,2,1,98,1.21
110.00,1.00,1.00,t,Cambridgeport,2,1,1,4,1,96,0.69
110.00,1.00,1.00,t,Cambridgeport,2,1,1,2,1,93,0.51
100.00,1.00,1.00,t,The Port,2,1,1,2,1,97,0.16
158.00,1.00,1.00,t,East Cambridge,2,1,1,1,2,96,3.16
197.00,1.00,1.00,t,Cambridgeport,6,1,2,2,4,100,0.21
299.00,0.89,0.95,f,Mid-Cambridge,8,1,2,2,4,94,4.93
175.00,0.00,0.81,f,Riverside,2,1,1,1,2,94,0.6
255.00,1.00,0.83,t,Mid-Cambridge,4,2,3,3,1,100,0.28
100.00,0.00,0.81,f,Riverside,2,1,1,1,1,99,0.4
45.00,0.99,0.98,f,Wellington-Harrington,2,1,1,1,1,87,5.13
45.00,0.99,0.98,f,Wellington-Harrington,1,2,1,1,1,89,4.67
77.00,1.00,0.74,f,Cambridgeport,2,1,1,1,1,92,0.5
62.00,1.00,0.74,f,Cambridgeport,1,1,1,1,1,95,0.46
190.00,1.00,0.97,t,Mid-Cambridge,2,1,1,1,2,99,4.05
205.00,1.00,0.94,t,Neighborhood Nine,4,1,1,2,3,100,2.09
76.00,1.00,0.74,f,Cambridgeport,2,1,1,1,1,95,0.21
70.00,1.00,0.74,f,Cambridgeport,2,1,1,1,1,97,0.19
99.00,1.00,0.74,f,Cambridgeport,3,1,1,2,1,95,1.09
190.00,1.00,0.97,t,Mid-Cambridge,3,1,1,2,2,100,4.04
155.00,1.00,0.92,t,The Port,2,1,1,1,2,99,0.34
195.00,1.00,0.86,t,East Cambridge,4,1,1,3,3,99,4.22
65.00,1.00,1.00,f,The Port,1,1,1,1,1,95,9.41
52.00,1.00,0.90,t,Neighborhood Nine,2,1,1,1,1,98,3.15
188.00,1.00,0.93,f,Riverside,4,1,1,1,2,83,0.85
395.00,N/A,0.94,t,Mid-Cambridge,6,1,2,2,1,100,0.4
350.00,1.00,1.00,t,Cambridgeport,6,2.5,3,6,1,97,0.45
150.00,N/A,0.97,t,West Cambridge,4,1,1,2,2,99,2.86
120.00,1.00,1.00,t,The Port,2,1,1,2,1,95,1.35
110.00,1.00,1.00,t,Cambridgeport,2,1,1,2,1,96,1.36
46.00,0.99,0.98,f,Wellington-Harrington,2,2,1,1,1,92,4.85
54.00,0.99,0.98,f,Wellington-Harrington,2,2,1,1,1,88,4.49
100.00,1.00,N/A,f,North Cambridge,2,2,1,1,1,99,0.36
571.00,0.78,0.56,f,East Cambridge,3,1,1,1,1,,
571.00,0.78,0.56,f,East Cambridge,3,1,1,1,1,100,0.03
299.00,0.78,0.56,f,East Cambridge,5,2,2,2,1,,
299.00,0.78,0.56,f,East Cambridge,5,2,2,2,1,,
299.00,0.78,0.56,f,East Cambridge,5,2,2,2,1,100,0.06
44.00,0.99,0.98,f,Wellington-Harrington,2,2,1,2,1,94,5.05
47.00,0.99,0.98,f,Wellington-Harrington,2,2,1,1,1,91,5.32
45.00,0.99,0.98,f,Wellington-Harrington,2,2,1,1,1,90,5.52
45.00,0.99,0.98,f,Wellington-Harrington,2,2,1,1,1,89,6.18
140.00,1.00,0.92,f,East Cambridge,4,1,1,1,2,90,3.89
165.00,0.90,0.93,t,The Port,2,1,1,1,1,99,4.6
99.00,1.00,0.99,f,West Cambridge,7,1,2,3,5,91,3.92
200.00,0.80,0.56,f,East Cambridge,4,1.5,2,2,1,,0.59
140.00,1.00,0.92,f,East Cambridge,4,1,1,1,2,92,3.89
215.00,1.00,0.98,f,Neighborhood Nine,3,1,1,2,2,97,0.57
75.00,1.00,0.88,t,North Cambridge,1,2,1,1,1,98,0.82
120.00,1.00,1.00,t,Mid-Cambridge,1,1,1,0,1,100,0.22
100.00,1.00,1.00,t,Mid-Cambridge,1,1,1,1,1,98,0.3
410.00,N/A,0.91,f,Neighborhood Nine,12,2,3,9,6,95,1.86
120.00,1.00,1.00,t,Mid-Cambridge,1,1,1,0,1,95,0.21
35.00,0.90,0.40,f,North Cambridge,2,1,1,1,1,99,0.96
80.00,1.00,0.95,t,North Cambridge,6,1,3,3,2,100,1.2
203.00,1.00,1.00,t,Mid-Cambridge,5,2,3,4,4,99,4.06
115.00,1.00,0.99,t,Mid-Cambridge,6,2,2,3,4,99,3.44
125.00,1.00,1.00,t,Mid-Cambridge,2,1,1,0,1,100,0.14
115.00,1.00,1.00,t,Riverside,2,1,1,0,1,,
100.00,1.00,1.00,t,Riverside,2,1,1,0,1,95,0.36
100.00,1.00,1.00,t,North Cambridge,1,1,1,0,1,85,1.11
73.00,1.00,0.74,f,Cambridgeport,1,1,1,1,1,100,0.15
100.00,1.00,1.00,f,Wellington-Harrington,2,1,1,1,1,91,2.72
280.00,1.00,0.93,t,The Port,4,1.5,2,2,2,99,0.98
194.00,1.00,0.97,t,East Cambridge,3,1,1,1,2,98,1.66
90.00,1.00,0.97,t,East Cambridge,3,1,2,2,2,97,2.94
150.00,N/A,0.50,f,Cambridgeport,2,1,1,1,1,98,0.65
109.00,1.00,0.92,f,Cambridgeport,2,1,1,1,1,95,2.06
120.00,1.00,1.00,t,Wellington-Harrington,2,2,1,1,1,96,6.91
350.00,1.00,0.98,t,West Cambridge,4,1,2,2,4,99,1.84
95.00,0.90,0.65,t,Cambridgeport,2,1,1,1,1,97,0.18
120.00,1.00,1.00,t,Riverside,1,1,1,0,1,100,0.25
100.00,1.00,1.00,t,Wellington-Harrington,2,2,1,1,1,97,6.13
115.00,1.00,0.63,t,Mid-Cambridge,6,1,2,3,1,98,2.71
99.00,1.00,0.63,t,Mid-Cambridge,4,1,1,2,1,97,1.93
469.00,0.90,1.00,t,The Port,6,1,3,3,1,96,5.95
81.00,1.00,0.74,f,Cambridgeport,2,1,1,1,1,95,0.84
79.00,1.00,0.74,f,Cambridgeport,2,1,1,1,1,81,0.47
81.00,1.00,0.74,f,Cambridgeport,2,1,1,1,1,94,0.45
229.00,1.00,0.78,f,Cambridgeport,2,1,1,2,1,100,0.19
66.00,0.00,1.00,f,East Cambridge,2,1,1,2,1,89,2.95
150.00,0.92,0.91,f,Wellington-Harrington,6,1,2,3,3,95,5.05
75.00,1.00,0.97,t,Mid-Cambridge,1,1,1,1,1,99,0.76
75.00,0.72,0.97,f,Wellington-Harrington,1,1,1,1,1,94,2.63
125.00,0.95,0.98,f,West Cambridge,5,1,1,9,2,90,1.11
98.00,0.72,0.97,f,The Port,2,1,1,1,2,92,4.97
90.00,1.00,1.00,f,Riverside,2,1,1,1,1,96,6.74
299.00,N/A,0.75,f,Mid-Cambridge,2,1.5,1,1,1,100,0.24
265.00,N/A,1.00,t,Strawberry Hill,2,1,1,1,2,98,0.61
150.00,1.00,1.00,t,Wellington-Harrington,2,2,1,1,1,97,3.89
110.00,1.00,1.00,t,Agassiz,4,1,1,1,2,97,7.45
105.00,0.90,0.40,f,North Cambridge,3,1.5,1,1,1,100,0.27
258.00,1.00,0.92,f,East Cambridge,8,2,2,2,3,100,0.05
71.00,1.00,1.00,t,Wellington-Harrington,2,2,1,1,1,97,8.76
299.00,N/A,1.00,t,Agassiz,4,2,2,2,1,100,2.68
134.00,1.00,0.92,f,East Cambridge,4,1,1,2,2,96,0.59
40.00,1.00,0.99,f,West Cambridge,1,1,1,1,1,85,0.6
509.00,1.00,1.00,t,Mid-Cambridge,6,2,3,3,1,96,6.41
200.00,1.00,1.00,t,North Cambridge,4,1,2,3,2,98,4.06
200.00,N/A,0.60,f,Riverside,2,1,1,1,1,100,0.11
88.00,0.91,0.97,f,Mid-Cambridge,2,1,1,1,1,96,0.71
120.00,1.00,0.84,f,Mid-Cambridge,2,1,0,1,1,100,0.06
240.00,1.00,0.73,t,Mid-Cambridge,3,2.5,2,2,3,100,2.4
264.00,N/A,0.91,f,Neighborhood Nine,8,1,2,5,4,94,1.82
419.00,0.78,0.56,f,East Cambridge,5,2,2,2,1,,
349.00,0.78,0.56,f,East Cambridge,3,1,1,1,1,,
72.00,N/A,0.75,f,Agassiz,2,1,1,1,1,99,0.93
1375.00,1.00,0.25,f,Agassiz,9,2.5,5,5,1,100,0.09
250.00,N/A,1.00,f,Cambridgeport,2,1,1,1,1,97,0.64
250.00,N/A,1.00,f,Cambridgeport,2,1,1,1,1,100,0.09
199.00,0.83,0.88,f,Neighborhood Nine,2,1,1,1,1,100,0.12
150.00,0.83,0.88,f,Neighborhood Nine,4,1,1,2,2,80,0.03
140.00,0.83,0.88,f,Neighborhood Nine,2,1,1,1,2,85,0.12
325.00,1.00,1.00,t,Mid-Cambridge,6,2,3,4,1,99,3.66
119.00,1.00,1.00,t,Agassiz,2,1.5,1,1,1,100,2.45
243.00,1.00,0.78,f,Cambridgeport,2,1,1,2,1,100,0.12
57.00,1.00,0.34,f,The Port,2,1,1,1,1,100,0.06
202.00,1.00,1.00,t,Cambridgeport,5,1.5,2,2,2,98,3.42
145.00,1.00,0.97,t,Cambridgeport,4,1,2,2,1,100,4.97
250.00,0.67,N/A,f,The Port,4,2,2,3,1,95,0.18
65.00,0.97,1.00,t,East Cambridge,1,1,1,1,1,98,5.81
599.00,1.00,1.00,t,The Port,6,2,3,3,6,98,0.6
109.00,1.00,0.98,t,Mid-Cambridge,2,1,1,1,1,100,3.59
99.00,1.00,0.99,f,Cambridgeport,2,2,1,2,1,90,7.01
99.00,1.00,0.99,f,Cambridgeport,3,2,1,3,1,92,7.57
39.00,1.00,0.99,f,West Cambridge,2,1,1,1,1,90,0.29
270.00,1.00,1.00,t,Neighborhood Nine,6,1.5,2,3,6,99,3.47
183.00,1.00,0.79,t,East Cambridge,2,1,1,1,1,96,2.23
129.00,1.00,1.00,t,The Port,2,1,1,1,2,99,8.07
125.00,1.00,1.00,t,The Port,2,1,1,1,2,99,9.42
115.00,1.00,1.00,t,The Port,2,1,1,1,2,99,8.95
250.00,1.00,1.00,t,The Port,6,1,2,3,4,99,10.35
65.00,1.00,0.97,t,Mid-Cambridge,1,1,1,1,1,98,0.68
50.00,1.00,1.00,t,North Cambridge,1,1,1,1,1,98,2.89
489.00,0.78,0.56,f,East Cambridge,5,2,2,1,1,,
600.00,1.00,0.44,f,The Port,10,3.5,3,5,8,,
99.00,1.00,0.99,f,Riverside,2,2,1,1,1,89,4.67
225.00,1.00,0.99,t,Mid-Cambridge,2,1,1,1,2,98,2.53
203.00,1.00,1.00,t,Cambridgeport,6,1.5,2,2,2,97,3.6
175.00,1.00,0.99,f,West Cambridge,6,1,2,2,5,92,4.3
150.00,1.00,1.00,t,Riverside,5,1,1,3,1,96,3.57
260.00,N/A,1.00,f,East Cambridge,6,2,2,3,1,95,1.48
78.00,1.00,N/A,f,Mid-Cambridge,1,1,1,1,1,95,0.45
125.00,1.00,0.99,t,Mid-Cambridge,4,1,1,1,2,98,2.27
135.00,0.99,0.92,f,East Cambridge,3,1,1,2,1,,
225.00,1.00,0.99,t,Mid-Cambridge,2,1,1,1,2,97,2.8
499.00,0.78,0.56,f,East Cambridge,5,2,2,3,1,100,0.15
279.00,1.00,0.96,t,The Port,6,1,3,3,2,98,4.13
145.00,1.00,0.92,f,East Cambridge,4,1,1,2,2,89,3.97
220.00,N/A,0.99,t,Riverside,4,1,2,2,2,96,1.15
275.00,N/A,0.00,f,Wellington-Harrington,6,2,2,3,2,,
201.00,1.00,0.99,t,Mid-Cambridge,4,1,1,1,2,97,1.91
80.00,0.89,0.94,t,Mid-Cambridge,1,2,1,1,1,98,0.44
160.00,N/A,0.95,t,Agassiz,2,1,1,1,2,100,1.62
79.00,N/A,1.00,f,Mid-Cambridge,1,1,1,1,1,91,0.4
75.00,0.89,0.94,t,Mid-Cambridge,2,2,1,1,1,91,0.32
215.00,N/A,N/A,f,Mid-Cambridge,6,3,2,2,4,100,0.52
89.00,0.95,1.00,f,Mid-Cambridge,2,1,1,1,1,90,1.63
89.00,0.95,1.00,f,Mid-Cambridge,2,1,1,1,1,96,0.94
99.00,0.95,1.00,f,Mid-Cambridge,2,1.5,1,0,1,88,3.58
139.00,0.95,1.00,f,Mid-Cambridge,2,1,1,1,1,91,1.45
89.00,0.95,1.00,f,Mid-Cambridge,2,1,1,1,1,86,3.88
84.00,0.72,0.97,f,Wellington-Harrington,2,1,1,1,2,92,4.09
99.00,0.95,1.00,f,Mid-Cambridge,3,1,1,2,1,92,2.38
95.00,0.95,1.00,f,Mid-Cambridge,4,1,1,1,1,85,3.59
50.00,1.00,1.00,t,The Port,1,1,1,1,1,96,4.42
54.00,1.00,1.00,t,The Port,1,1,1,1,1,96,5.98
150.00,1.00,1.00,t,Wellington-Harrington,2,2,1,1,1,97,3.44
199.00,1.00,0.90,t,Mid-Cambridge,4,1.5,1,2,1,100,0.9
170.00,1.00,0.92,f,East Cambridge,6,1,2,3,3,95,0.53
79.00,0.95,1.00,f,Mid-Cambridge,2,0,1,0,1,86,1.42
75.00,0.95,1.00,f,Mid-Cambridge,2,1,1,1,1,87,1.29
108.00,1.00,N/A,f,Riverside,2,1,1,1,2,100,0.05
170.00,1.00,1.00,f,Riverside,4,1,1,2,2,92,6.46
599.00,0.90,0.88,t,Riverside,9,3,4,5,6,99,2.42
119.00,1.00,1.00,t,Agassiz,2,1.5,1,1,1,100,2.52
224.00,1.00,1.00,t,East Cambridge,3,1,1,1,2,99,3.37
70.00,0.97,1.00,t,East Cambridge,2,1,1,1,1,99,5.09
70.00,N/A,0.75,t,Wellington-Harrington,2,1,1,2,2,94,1.12
540.00,N/A,1.00,f,Wellington-Harrington,14,1,4,7,1,92,0.17
130.00,1.00,0.96,f,Mid-Cambridge,2,1,1,1,1,96,0.66
130.00,1.00,0.96,f,Mid-Cambridge,2,1,1,1,1,94,0.76
130.00,1.00,0.96,f,Riverside,2,1,1,1,1,95,1.32
170.00,1.00,0.98,t,North Cambridge,4,1,0,1,2,99,4.08
100.00,N/A,0.99,t,Riverside,2,1,1,1,1,97,1.32
109.00,1.00,1.00,t,The Port,4,1,2,2,4,80,0.26
100.00,1.00,1.00,t,Agassiz,2,1,1,1,1,99,2.7
135.00,1.00,1.00,t,The Port,4,2,1,2,1,98,0.56
38.00,N/A,N/A,f,Neighborhood Nine,1,1,1,1,1,100,0.04
100.00,N/A,0.99,t,Riverside,2,1,1,1,1,97,1.4
78.00,1.00,1.00,f,The Port,2,1,1,1,2,93,2.62
100.00,N/A,N/A,f,Mid-Cambridge,2,1,1,1,1,100,0.6
100.00,1.00,0.94,f,Wellington-Harrington,2,1,1,1,1,100,3.98
70.00,1.00,1.00,f,Wellington-Harrington,2,1,1,1,2,93,4.79
55.00,1.00,1.00,f,Wellington-Harrington,1,1,1,1,1,94,2.12
58.00,0.98,0.99,t,Wellington-Harrington,2,1,1,1,1,96,4.91
250.00,1.00,0.99,t,Cambridgeport,10,1,4,4,4,100,2.31
150.00,0.91,0.97,f,Mid-Cambridge,2,1,1,1,2,96,0.22
56.00,1.00,0.75,f,Wellington-Harrington,1,1,1,0,1,60,0.19
119.00,1.00,1.00,t,Mid-Cambridge,2,1,1,2,1,99,1.19
125.00,1.00,1.00,f,Riverside,1,1,0,1,1,100,0.08
399.00,1.00,0.80,f,Riverside,5,2,3,3,5,97,0.71
30.00,0.98,0.99,t,Wellington-Harrington,1,1,1,1,1,96,5.13
195.00,N/A,1.00,t,Mid-Cambridge,3,1,1,2,1,99,1.36
50.00,0.97,1.00,t,Cambridgeport,4,1,1,2,2,96,5.16
40.00,0.97,1.00,t,Cambridgeport,3,1,1,1,2,95,5.58
40.00,0.97,1.00,t,Cambridgeport,3,1,1,1,2,95,5.36
50.00,1.00,1.00,f,North Cambridge,2,1,1,1,1,40,0.22
272.00,0.92,0.57,f,Area 2/MIT,4,2,2,3,1,80,0.11
272.00,0.92,0.57,f,East Cambridge,4,2,2,3,1,100,0.11
278.00,0.92,0.57,f,East Cambridge,3,1,1,2,1,,
278.00,0.92,0.57,f,East Cambridge,3,1,1,2,1,100,0.04
249.00,0.78,0.56,f,East Cambridge,3,1,1,2,1,,
140.00,0.78,0.56,f,East Cambridge,3,1,1,1,1,,
299.00,0.78,0.56,f,East Cambridge,3,1,1,1,1,,
249.00,0.78,0.56,f,East Cambridge,3,1,1,1,1,100,0.27
259.00,0.78,0.56,f,East Cambridge,3,1,1,2,1,,
249.00,0.78,0.56,f,East Cambridge,3,1,1,1,1,,
259.00,0.78,0.56,f,East Cambridge,3,1,1,1,1,,
239.00,0.78,0.56,f,East Cambridge,3,1,1,1,1,,
259.00,0.78,0.56,f,East Cambridge,3,1,1,1,1,,
299.00,0.78,0.56,f,East Cambridge,5,2,2,1,1,,
180.00,0.78,0.56,f,East Cambridge,5,1,2,1,1,,
299.00,0.78,0.56,f,East Cambridge,5,2,2,1,1,60,0.06
289.00,0.78,0.56,f,East Cambridge,5,2,2,3,1,,
175.00,1.00,1.00,f,West Cambridge,2,1.5,1,1,1,100,0.04
101.00,0.90,0.89,t,Cambridgeport,4,1,2,2,3,97,0.73
75.00,N/A,N/A,f,Riverside,2,1,1,1,1,100,0.51
150.00,1.00,0.91,f,Wellington-Harrington,6,1,2,3,2,86,1.22
50.00,0.97,1.00,t,Cambridgeport,4,1,1,2,2,92,5.33
399.00,0.83,0.44,f,East Cambridge,3,1,1,1,1,70,0.1
100.00,N/A,1.00,f,West Cambridge,1,1,1,1,1,,
65.00,N/A,0.90,f,Wellington-Harrington,2,1,1,1,1,93,0.89
289.00,0.83,0.44,f,East Cambridge,5,2,2,2,1,,
289.00,0.83,0.44,f,East Cambridge,5,2,2,2,1,,
269.00,0.83,0.44,f,East Cambridge,5,2,2,2,1,,
269.00,0.83,0.44,f,East Cambridge,5,2,2,2,1,,
56.00,1.00,0.94,f,Cambridgeport,2,1,1,1,1,99,2.32
83.00,1.00,1.00,t,Wellington-Harrington,4,1,2,4,4,98,5.37
175.00,1.00,1.00,f,North Cambridge,4,1,2,2,2,100,0.52
47.00,0.57,N/A,f,Mid-Cambridge,1,1,1,1,1,,
320.00,1.00,1.00,t,Cambridgeport,3,2.5,3,3,1,100,0.08
59.00,N/A,1.00,f,The Port,1,2,1,1,1,88,0.38
750.00,N/A,0.00,f,Mid-Cambridge,7,3,4,4,1,,0.04
43.00,0.98,0.99,t,Wellington-Harrington,2,1,1,1,1,93,4.34
43.00,0.98,0.99,t,Wellington-Harrington,1,1,1,1,1,92,3.84
500.00,0.91,0.72,f,Wellington-Harrington,6,1.5,3,3,1,94,0.31
170.00,1.00,0.99,t,North Cambridge,6,1,2,3,4,99,6.47
130.00,0.91,0.72,f,Wellington-Harrington,2,1.5,1,1,1,93,0.5
45.00,0.95,1.00,f,Mid-Cambridge,1,1,1,1,1,86,1.08
89.00,1.00,0.98,t,Cambridgeport,2,1.5,1,1,1,99,6.41
50.00,N/A,0.50,f,Wellington-Harrington,1,2,1,1,1,100,0.09
105.00,0.83,1.00,t,Neighborhood Nine,2,1,1,1,1,100,0.32
65.00,0.83,1.00,t,Neighborhood Nine,2,1,1,1,1,98,0.32
290.00,0.83,1.00,t,Neighborhood Nine,9,2,3,4,6,98,0.34
145.00,1.00,0.99,f,West Cambridge,6,1,2,2,5,87,3.46
47.00,0.98,0.99,t,Wellington-Harrington,2,1,1,1,1,97,4.25
149.00,0.97,1.00,t,Cambridgeport,6,1,2,2,4,100,0.19
75.00,1.00,0.98,t,Cambridgeport,2,1.5,1,1,1,99,6.27
140.00,1.00,0.98,t,Cambridgeport,2,1,1,1,1,99,5.97
160.00,1.00,1.00,t,North Cambridge,4,1,1,1,2,99,5.69
299.00,1.00,1.00,t,Cambridgeport,5,1.5,2,2,2,100,3.75
145.00,1.00,0.98,t,The Port,4,1,1,2,2,98,1.86
299.00,1.00,1.00,t,Cambridgeport,5,1.5,2,2,2,97,4.29
67.00,1.00,1.00,t,The Port,4,1.5,1,3,1,96,4.35
85.00,1.00,1.00,t,The Port,3,1.5,1,2,1,96,4.51
350.00,N/A,0.25,f,Riverside,10,2.5,4,6,6,95,0.3
110.00,N/A,0.67,f,West Cambridge,3,1,2,2,2,100,0.21
85.00,1.00,0.97,t,The Port,1,1,1,1,1,100,0.65
69.00,1.00,1.00,f,West Cambridge,2,1,1,1,1,,
150.00,1.00,1.00,t,Wellington-Harrington,3,1,1,2,2,97,5.69
120.00,1.00,0.97,t,Mid-Cambridge,1,1,1,1,1,100,0.45
399.00,N/A,N/A,f,Strawberry Hill,8,3,4,5,1,100,0.18
80.00,1.00,0.98,t,Cambridgeport,2,1.5,1,1,1,97,3.28
100.00,1.00,1.00,t,North Cambridge,2,1,1,2,1,99,5.49
120.00,1.00,1.00,f,Cambridgeport,3,1.5,2,2,1,,
369.00,0.94,1.00,t,Mid-Cambridge,6,1,2,3,6,96,6.72
150.00,0.98,0.99,t,Wellington-Harrington,6,1,3,4,4,91,3.19
120.00,1.00,1.00,t,West Cambridge,2,1,1,1,1,100,3.67
150.00,0.00,0.97,t,North Cambridge,3,1,1,2,1,98,7.16
219.00,N/A,0.96,t,Riverside,4,1,1,1,1,97,3.16
150.00,1.00,1.00,t,West Cambridge,3,1,2,3,3,98,3.41
85.00,N/A,0.94,t,Mid-Cambridge,2,1,1,1,1,100,0.17
99.00,1.00,0.63,t,Mid-Cambridge,3,1,0,1,1,96,0.4
42.00,1.00,0.88,t,North Cambridge,1,2,1,1,1,100,0.23
240.00,1.00,1.00,f,Cambridgeport,4,1,1,2,1,94,8.93
250.00,1.00,0.99,t,The Port,4,1,1,2,2,99,1.84
179.00,1.00,0.96,t,Riverside,4,1,0,1,2,99,5.28
399.00,0.99,0.92,f,East Cambridge,5,2,2,2,1,,
168.00,N/A,N/A,f,Agassiz,4,1,2,2,1,98,0.45
40.00,0.93,0.52,t,West Cambridge,4,1,2,2,1,100,0.35
60.00,1.00,1.00,t,The Port,1,1,1,1,1,97,7.34
124.00,1.00,0.94,f,Cambridgeport,2,1,1,1,1,93,2.57
12.00,1.00,1.00,t,North Cambridge,1,1,1,1,1,99,1.85
144.00,1.00,0.63,t,Neighborhood Nine,4,1,2,3,1,100,0.19
264.00,1.00,0.63,t,Agassiz,4,1,2,2,1,,
56.00,1.00,0.77,f,Mid-Cambridge,2,1,1,2,1,82,0.47
150.00,1.00,0.99,f,Cambridgeport,2,1,1,1,1,97,2.99
189.00,1.00,1.00,t,Agassiz,4,1.5,2,2,1,100,0.97
110.00,1.00,1.00,t,The Port,2,1,1,1,1,100,1.54
439.00,1.00,1.00,t,Cambridgeport,6,1,3,3,6,96,5
127.00,0.98,0.96,f,Area 2/MIT,2,1,1,1,1,97,3.82
147.00,0.98,0.96,f,Area 2/MIT,2,1,0,1,1,98,4.47
290.00,N/A,0.90,f,East Cambridge,3,1,1,1,1,100,0.27
288.00,N/A,0.90,f,East Cambridge,2,1,1,1,1,95,0.57
292.00,N/A,0.90,f,East Cambridge,2,1,1,1,1,100,1.21
292.00,N/A,0.90,f,East Cambridge,2,1,1,1,1,50,0.17
265.00,N/A,0.90,f,East Cambridge,3,1,1,1,1,,
318.00,N/A,0.90,f,East Cambridge,5,2,2,3,1,98,1.28
297.00,N/A,0.90,f,East Cambridge,2,1,1,1,1,100,0.29
76.00,N/A,N/A,f,Cambridgeport,2,1,1,1,1,93,0.57
120.00,N/A,N/A,f,North Cambridge,3,1,1,1,1,84,0.33
200.00,1.00,1.00,t,North Cambridge,5,1,2,3,4,98,5.25
150.00,N/A,N/A,f,Riverside,4,1,1,1,1,93,0.29
300.00,N/A,0.80,f,West Cambridge,4,1.5,2,2,1,100,0.68
58.00,0.93,0.52,t,West Cambridge,2,1,1,1,1,100,0.1
56.00,N/A,0.67,f,Neighborhood Nine,3,1,1,2,2,100,0.1
149.00,N/A,1.00,f,North Cambridge,4,1,2,3,3,98,0.64
220.00,1.00,0.92,f,East Cambridge,6,1,2,3,3,90,0.31
279.00,1.00,0.96,t,Riverside,8,1,2,3,3,97,5.28
99.00,1.00,0.99,f,The Port,2,1,1,2,1,91,6.44
76.00,1.00,0.34,f,The Port,2,1,1,2,1,100,0.05
99.00,1.00,0.99,f,The Port,2,1,1,1,1,91,8.23
99.00,1.00,0.99,f,The Port,3,1,1,2,1,91,7.74
80.00,N/A,N/A,f,West Cambridge,2,1,1,1,1,100,0.25
99.00,1.00,0.99,f,The Port,4,1,1,2,1,87,4.71
99.00,1.00,1.00,f,Riverside,2,2,1,1,1,94,7.28
64.00,1.00,0.34,f,North Cambridge,2,2,1,1,1,60,0.12
99.00,1.00,1.00,f,Cambridgeport,2,2,1,2,1,87,6.51
1000.00,1.00,0.95,f,Strawberry Hill,8,1,2,2,4,84,0.64
125.00,1.00,1.00,f,North Cambridge,6,1,3,3,4,82,3.41
89.00,1.00,1.00,f,West Cambridge,2,2,1,1,1,90,1.74
89.00,1.00,1.00,f,West Cambridge,2,2,1,1,1,91,2.5
89.00,1.00,1.00,f,West Cambridge,2,2,1,1,1,86,1.89
96.00,N/A,N/A,f,Riverside,2,1,1,1,1,,0.06
58.00,N/A,N/A,f,East Cambridge,2,1,1,1,1,93,0.39
100.00,1.00,1.00,t,Riverside,1,1,1,0,1,100,0.05
90.00,N/A,N/A,f,Riverside,2,1,1,1,1,,
70.00,1.00,0.95,t,Mid-Cambridge,2,1,1,1,1,99,3.73
159.00,0.98,0.96,f,Area 2/MIT,4,1,1,1,2,97,5.32
79.00,1.00,1.00,f,West Cambridge,2,2,1,1,1,91,2.81
199.00,1.00,0.96,t,Riverside,2,1,1,2,1,100,0.55
199.00,1.00,0.96,t,Riverside,2,1,1,1,1,100,0.12
140.00,N/A,0.00,f,North Cambridge,4,1,2,3,3,,0.05
99.00,1.00,1.00,f,Riverside,3,2,1,2,1,90,6.7
77.00,1.00,0.34,f,Neighborhood Nine,2,2,1,2,1,,
170.00,1.00,0.00,f,West Cambridge,1,1,1,2,1,,
99.00,0.98,0.96,f,Area 2/MIT,2,1,1,1,1,98,1.95
99.00,0.98,0.96,f,Area 2/MIT,2,1,1,1,1,98,2.25
185.00,N/A,N/A,f,Wellington-Harrington,4,1,2,2,4,96,0.5
149.00,N/A,N/A,f,East Cambridge,2,1,0,1,2,100,0.12
43.00,1.00,N/A,f,Mid-Cambridge,1,1,1,1,1,,
172.00,N/A,0.40,f,Riverside,2,1,1,1,1,100,0.17
120.00,1.00,1.00,t,Mid-Cambridge,2,1,1,2,1,96,0.5
170.00,1.00,0.00,f,West Cambridge,1,1,2,1,1,,
400.00,1.00,0.00,f,West Cambridge,7,2.5,4,4,1,,
110.00,1.00,1.00,t,The Port,2,1,1,2,1,96,0.83
199.00,N/A,1.00,f,East Cambridge,10,1,3,5,2,91,3.1
75.00,1.00,1.00,t,The Port,1,1,1,1,1,97,9.1
220.00,N/A,0.90,f,East Cambridge,4,2,2,2,1,93,0.26
75.00,0.91,0.87,f,Cambridgeport,2,2,1,1,1,95,0.73
65.00,1.00,1.00,f,Wellington-Harrington,4,1,1,1,1,94,1.79
65.00,1.00,1.00,f,The Port,4,1,1,1,1,85,2.61
65.00,1.00,1.00,f,Wellington-Harrington,2,1,1,1,1,90,0.88
175.00,N/A,N/A,f,East Cambridge,6,1,2,4,2,90,0.48
50.00,1.00,1.00,t,The Port,1,1,1,1,1,95,8.42
179.00,1.00,0.97,t,East Cambridge,5,1,2,3,4,98,2.74
164.00,1.00,0.63,t,Agassiz,4,1,1,2,1,98,1.1
50.00,0.67,0.75,f,Mid-Cambridge,1,2,1,1,1,100,0.13
275.00,0.40,0.43,f,West Cambridge,2,1,1,1,1,97,0.35
29.00,0.95,0.99,f,The Port,2,1,1,1,1,92,3.11
95.00,1.00,1.00,f,Neighborhood Nine,1,1,1,1,1,100,0.52
60.00,1.00,1.00,f,Neighborhood Nine,2,1,1,1,1,96,0.29
120.00,1.00,1.00,f,Neighborhood Nine,2,1,1,1,1,93,0.52
120.00,1.00,1.00,f,Neighborhood Nine,2,1,1,1,1,85,0.27
120.00,1.00,1.00,f,Neighborhood Nine,2,1,1,1,1,93,0.83
100.00,1.00,1.00,t,North Cambridge,1,1,1,1,1,89,0.54
69.00,N/A,N/A,f,Mid-Cambridge,2,2,1,1,1,100,0.24
61.00,0.91,0.87,f,The Port,1,2,1,1,8,85,0.41
29.00,0.95,0.99,f,Wellington-Harrington,2,2,1,1,1,95,2.91
29.00,0.95,0.99,f,Wellington-Harrington,2,1.5,1,1,1,94,3.01
29.00,0.95,0.99,f,Wellington-Harrington,2,1.5,1,2,1,94,3.91
115.00,N/A,N/A,f,The Port,1,1,1,1,1,,
129.00,N/A,N/A,f,The Port,4,1,3,3,4,,
475.00,0.67,0.23,f,Cambridge Highlands,6,2.5,4,4,1,100,0.31
180.00,1.00,1.00,t,East Cambridge,4,1,1,2,3,99,3.17
19.00,0.95,0.99,f,Wellington-Harrington,2,1.5,1,1,1,94,2.33
60.00,N/A,N/A,f,East Cambridge,2,1,1,1,1,,
85.00,1.00,1.00,t,Mid-Cambridge,2,1,1,2,2,98,4.47
85.00,1.00,1.00,t,Mid-Cambridge,2,1,1,2,2,100,3.56
250.00,1.00,1.00,f,The Port,4,1.5,2,3,4,100,0.62
200.00,1.00,0.94,t,Cambridgeport,6,1,2,4,2,99,1.89
102.00,1.00,0.94,t,Cambridgeport,3,1,2,2,2,100,0.13
60.00,N/A,N/A,f,Riverside,1,1,1,1,1,,
200.00,1.00,0.68,t,Cambridgeport,4,2,2,3,1,100,0.89
191.00,1.00,0.98,f,Area 2/MIT,2,1,0,1,1,100,0.09
243.00,1.00,0.98,f,Area 2/MIT,2,1,1,1,1,100,0.08
184.00,1.00,0.98,f,Area 2/MIT,2,1,0,1,1,,
148.00,1.00,0.98,f,Area 2/MIT,2,1,1,1,1,,
193.00,1.00,0.98,f,Area 2/MIT,4,2,2,2,2,,
103.00,1.00,0.98,f,Area 2/MIT,2,1,0,1,1,100,0.1
202.00,1.00,0.98,f,Area 2/MIT,2,1,1,1,1,,
120.00,1.00,0.98,f,Area 2/MIT,2,1,0,1,1,,
150.00,1.00,0.78,t,Wellington-Harrington,3,1,1,2,1,100,0.67
179.00,1.00,0.96,t,Neighborhood Nine,4,1,1,2,2,99,4.29
50.00,1.00,1.00,f,Mid-Cambridge,2,1,1,1,1,100,0.27
108.00,N/A,1.00,f,Cambridgeport,2,1,1,1,1,100,0.55
144.00,1.00,0.98,f,Area 2/MIT,2,1,0,1,1,,
70.00,N/A,N/A,f,Riverside,3,2,1,2,1,100,0.08
89.00,N/A,1.00,f,Riverside,2,1,0,1,1,100,0.07
125.00,N/A,0.50,f,Cambridgeport,4,1,1,1,1,93,0.31
84.00,1.00,1.00,t,Neighborhood Nine,2,1,1,1,2,96,6.1
31.00,1.00,0.99,f,East Cambridge,2,2,1,1,1,85,4.89
79.00,0.92,0.71,f,The Port,2,1,1,1,1,90,0.55
132.00,N/A,N/A,f,East Cambridge,6,1,0,2,1,,
40.00,1.00,0.99,f,East Cambridge,2,2,1,1,1,91,4.7
40.00,1.00,0.99,f,East Cambridge,2,2,1,1,1,83,3.46
41.00,1.00,0.99,f,East Cambridge,2,2,1,1,1,91,5.19
131.00,N/A,N/A,f,Wellington-Harrington,5,2,3,3,1,,
89.00,1.00,0.63,t,Neighborhood Nine,4,1,1,2,2,99,1.35
30.00,1.00,0.99,f,East Cambridge,2,2,1,1,1,90,4.09
90.00,N/A,1.00,f,Agassiz,2,1,1,1,1,100,1.15
70.00,1.00,1.00,t,Neighborhood Nine,2,2,1,1,1,96,1.44
66.00,N/A,1.00,f,North Cambridge,1,1,1,1,1,85,0.28
40.00,1.00,0.99,f,East Cambridge,2,2,1,1,1,86,5.63
39.00,1.00,1.00,f,The Port,2,1,1,1,1,88,2.42
60.00,N/A,0.00,f,Neighborhood Nine,2,1,1,1,1,,0.07
200.00,1.00,0.75,f,Area 2/MIT,4,1,1,1,1,60,0.4
35.00,0.00,0.00,f,Mid-Cambridge,2,1,1,1,1,,
32.00,1.00,0.99,f,East Cambridge,1,2,1,1,1,90,4.63
75.00,0.91,0.87,f,The Port,1,2,1,1,8,90,0.56
120.00,N/A,0.50,f,Neighborhood Nine,3,1,1,1,1,100,0.28
70.00,1.00,0.85,f,Wellington-Harrington,1,1,1,1,1,,
37.00,0.00,N/A,f,The Port,1,1,1,1,1,,
68.00,1.00,0.96,f,Wellington-Harrington,2,1.5,1,1,1,100,0.73
40.00,1.00,0.99,f,Mid-Cambridge,2,1.5,1,1,1,85,0.3
80.00,N/A,1.00,f,Cambridgeport,2,1,1,1,1,100,0.3
175.00,1.00,0.97,t,East Cambridge,3,1,1,2,1,100,4.88
100.00,1.00,0.78,t,The Port,1,1.5,1,1,3,,
80.00,N/A,1.00,f,Cambridgeport,2,1,1,3,1,100,0.39
160.00,N/A,1.00,f,Cambridgeport,4,2,2,3,1,,
350.00,N/A,1.00,f,West Cambridge,5,2,3,3,1,100,0.41
50.00,1.00,1.00,t,Wellington-Harrington,2,1,1,1,2,100,3.08
248.00,1.00,0.98,f,East Cambridge,4,2,2,2,2,,
110.00,1.00,0.67,t,Riverside,2,1,1,1,1,100,0.2
80.00,1.00,1.00,t,North Cambridge,2,1,1,1,1,100,5.97
70.00,N/A,0.56,f,Strawberry Hill,4,1,1,2,4,,
60.00,N/A,1.00,f,West Cambridge,2,1,1,1,1,91,2.34
60.00,N/A,1.00,f,West Cambridge,2,1,1,1,1,86,2.97
60.00,N/A,1.00,f,West Cambridge,4,1,1,1,1,90,2.54
325.00,1.00,1.00,f,East Cambridge,7,2,3,4,1,96,3.23
150.00,1.00,0.00,f,Neighborhood Nine,4,1,2,3,4,,
60.00,N/A,1.00,f,West Cambridge,2,1,1,1,1,86,2.49
60.00,N/A,1.00,f,West Cambridge,2,1,1,1,1,88,1.55
60.00,N/A,1.00,f,West Cambridge,2,1,1,1,1,93,2.72
60.00,N/A,1.00,f,West Cambridge,2,1,1,1,1,92,2.28
65.00,1.00,1.00,f,North Cambridge,2,3,1,2,1,96,2.22
65.00,1.00,1.00,f,Neighborhood Nine,2,3,1,2,1,92,4.13
65.00,1.00,1.00,f,Neighborhood Nine,4,3,1,2,1,96,3.02
110.00,0.95,1.00,f,Neighborhood Nine,2,3,1,1,1,90,6.14
110.00,0.95,1.00,f,Neighborhood Nine,4,3,1,2,1,96,4.44
110.00,0.95,1.00,f,Neighborhood Nine,4,1,1,2,1,93,3.9
60.00,1.00,1.00,t,Neighborhood Nine,4,3,1,2,1,95,3.89
60.00,1.00,1.00,t,Neighborhood Nine,2,3,1,1,1,94,2.96
85.00,N/A,N/A,f,Cambridgeport,2,1,0,1,1,100,0.09
230.00,0.00,0.63,t,Wellington-Harrington,8,1.5,3,5,1,,
1000.00,N/A,1.00,f,The Port,10,2,5,5,5,100,0.09
60.00,1.00,1.00,f,The Port,4,1,1,2,1,91,6.08
60.00,1.00,1.00,f,The Port,2,1.5,1,1,1,91,3.65
60.00,1.00,1.00,f,The Port,4,1.5,1,2,1,82,2.18
100.00,N/A,1.00,f,Riverside,4,1,1,1,1,100,0.24
60.00,1.00,1.00,f,Wellington-Harrington,4,1.5,1,2,1,93,3.91
71.00,N/A,N/A,f,Mid-Cambridge,2,2,1,1,1,100,0.08
110.00,1.00,0.98,f,Area 2/MIT,2,1,0,1,1,100,0.18
79.00,1.00,1.00,f,West Cambridge,2,1,1,1,1,,
110.00,1.00,1.00,t,Cambridgeport,1,1,1,1,1,95,0.35
120.00,1.00,1.00,t,Cambridgeport,1,1,1,1,1,98,0.77
60.00,1.00,0.99,f,Cambridgeport,4,2,1,2,1,93,3.55
60.00,1.00,0.99,f,Cambridgeport,4,2,1,2,1,92,5.74
60.00,1.00,0.99,f,Cambridgeport,4,2,1,2,1,91,7.12
189.00,1.00,0.98,f,Area 2/MIT,2,1,1,1,1,,
1000.00,N/A,1.00,f,North Cambridge,1,1,1,1,1,89,0.59
65.00,1.00,1.00,f,Cambridgeport,4,2,1,2,1,92,4.68
65.00,1.00,1.00,f,Cambridgeport,4,2,1,2,1,95,7.23
65.00,1.00,1.00,f,Cambridgeport,4,2,1,2,1,94,6.05
179.00,0.98,0.96,f,East Cambridge,4,2,2,2,1,97,0.74
500.00,1.00,0.92,f,East Cambridge,8,2,3,4,4,98,3.54
500.00,1.00,0.92,f,East Cambridge,8,2,3,4,4,93,3.03
500.00,1.00,0.92,f,East Cambridge,7,2,3,5,4,92,3.16
200.00,1.00,0.98,f,Agassiz,2,1,1,1,1,,
166.00,1.00,0.98,f,Agassiz,2,1,1,1,1,,
210.00,0.00,0.63,t,Wellington-Harrington,6,1,2,3,1,,
189.00,1.00,1.00,t,Wellington-Harrington,3,1,0,2,2,97,5.58
65.00,1.00,0.99,f,North Cambridge,4,3,1,2,1,92,3.03
130.00,1.00,0.91,f,North Cambridge,3,1,0,3,1,,
118.00,N/A,0.00,f,North Cambridge,6,2,2,4,6,,
100.00,1.00,1.00,t,North Cambridge,1,1,1,1,1,76,0.44
100.00,1.00,1.00,t,North Cambridge,1,1,1,1,1,93,0.53
157.00,1.00,0.98,f,Area 2/MIT,2,1,0,1,1,,
153.00,1.00,0.98,f,Area 2/MIT,2,1,1,1,1,,
56.00,1.00,0.77,f,Agassiz,1,1,1,1,1,80,0.3
175.00,0.90,0.96,f,Riverside,4,1,1,1,2,93,5.23
150.00,1.00,0.99,t,Cambridgeport,2,1,1,1,1,98,3.62
246.00,1.00,0.98,f,East Cambridge,4,1,2,2,2,,
358.00,0.86,0.98,f,Mid-Cambridge,8,1,4,4,4,94,2.1
100.00,1.00,1.00,t,North Cambridge,1,1,1,1,1,90,0.39
170.00,0.90,0.69,f,North Cambridge,2,1,0,2,1,,
46.00,0.80,0.88,f,West Cambridge,1,1,1,1,1,78,0.81
135.00,N/A,N/A,f,West Cambridge,4,1.5,2,2,1,,
230.00,1.00,1.00,t,Mid-Cambridge,4,1,2,2,4,97,5.52
75.00,0.91,0.87,f,The Port,1,2,1,1,8,40,0.28
65.00,1.00,0.98,f,Wellington-Harrington,2,1,1,1,1,90,0.26
85.00,0.00,0.27,f,North Cambridge,2,1,1,1,1,,
50.00,1.00,0.98,f,Wellington-Harrington,2,1,1,2,1,,
65.00,1.00,0.98,f,Wellington-Harrington,4,1,1,2,1,80,0.12
60.00,1.00,0.98,f,Wellington-Harrington,2,1,1,1,1,,
70.00,1.00,0.98,f,Wellington-Harrington,4,1,1,2,1,100,0.33
65.00,1.00,0.98,f,Wellington-Harrington,4,1,1,2,1,100,0.2
60.00,1.00,0.98,f,East Cambridge,2,1,1,1,1,80,0.13
65.00,1.00,0.98,f,Wellington-Harrington,4,1,1,2,1,100,0.19
65.00,1.00,0.98,f,Wellington-Harrington,4,1,1,2,1,93,0.28
65.00,1.00,0.98,f,Wellington-Harrington,4,1,1,2,1,,
65.00,1.00,0.98,f,Wellington-Harrington,4,1,1,2,1,100,0.15
60.00,1.00,0.98,f,Wellington-Harrington,2,1,1,1,1,80,0.24
60.00,1.00,0.98,f,Wellington-Harrington,2,1,1,1,1,80,0.14
60.00,1.00,0.98,f,Wellington-Harrington,2,1,1,1,1,,
65.00,1.00,0.98,f,Wellington-Harrington,4,1,1,2,1,90,0.19
68.00,1.00,0.98,f,Wellington-Harrington,4,1,1,2,1,,
60.00,1.00,0.98,f,Wellington-Harrington,2,1,1,1,1,40,0.09
60.00,1.00,0.98,f,Wellington-Harrington,2,1,1,1,1,40,0.14
65.00,1.00,0.98,f,Wellington-Harrington,4,1,1,1,1,100,0.2
65.00,1.00,0.98,f,Wellington-Harrington,4,1,1,2,1,100,0.19
60.00,1.00,0.98,f,Wellington-Harrington,2,1,1,1,1,60,0.1
65.00,1.00,0.98,f,Wellington-Harrington,4,1,1,2,1,73,0.28
47.00,1.00,0.99,f,Mid-Cambridge,2,1.5,1,1,1,100,0.41
46.00,1.00,0.99,f,Mid-Cambridge,2,1.5,1,1,1,85,0.37
65.00,1.00,0.99,f,Agassiz,2,1.5,1,1,1,93,0.44
175.00,1.00,0.98,f,East Cambridge,2,1,1,1,1,100,0.19
650.00,0.90,0.89,f,Mid-Cambridge,4,1,2,3,4,100,0.75
200.00,N/A,1.00,f,Mid-Cambridge,4,1,1,2,1,100,0.5
114.00,1.00,0.96,t,East Cambridge,1,1.5,1,1,1,100,0.76
89.00,1.00,0.99,f,Agassiz,2,1,1,1,1,92,2.18
119.00,N/A,1.00,f,Riverside,4,1,1,2,2,20,0.1
95.00,1.00,0.96,t,East Cambridge,1,1.5,1,1,1,100,0.78
80.00,0.96,0.88,f,Agassiz,2,1,1,1,1,93,0.3
127.00,0.96,0.88,f,Agassiz,9,1,3,5,2,84,1.08
83.00,N/A,1.00,f,West Cambridge,2,1,1,2,1,,
114.00,1.00,1.00,t,Cambridgeport,2,1,1,1,1,98,11.71
134.00,1.00,1.00,t,Cambridgeport,4,1,2,2,1,98,8.89
120.00,N/A,0.43,f,Mid-Cambridge,2,1,1,2,1,100,0.3
45.00,N/A,0.71,f,Agassiz,1,1.5,0,1,2,20,0.2
180.00,N/A,0.80,f,West Cambridge,2,1,1,1,1,,0.1
115.00,1.00,0.78,t,Wellington-Harrington,2,1,1,1,1,98,1.3
150.00,1.00,1.00,t,Cambridgeport,2,1,1,1,1,99,11.1
215.00,0.93,1.00,f,Riverside,6,1,2,6,3,93,0.88
176.00,0.44,0.75,f,The Port,2,1,0,2,1,100,0.28
173.00,1.00,1.00,f,Mid-Cambridge,3,1,1,2,2,92,5.28
200.00,1.00,0.94,t,Cambridgeport,6,1,3,3,1,100,0.17
110.00,1.00,1.00,f,East Cambridge,2,1,1,1,1,90,0.27
825.00,N/A,1.00,f,Riverside,12,4.5,5,7,1,,0.1
210.00,0.96,0.88,f,Agassiz,5,1,2,2,2,100,0.59
90.00,0.96,0.88,f,Agassiz,2,1,1,1,1,100,0.11
86.00,0.96,0.88,f,Agassiz,2,1,1,1,1,100,0.11
75.00,1.00,1.00,f,Strawberry Hill,1,1,1,1,1,90,0.26
179.00,1.00,0.99,t,Neighborhood Nine,2,1,1,1,2,96,1.13
99.00,1.00,0.99,f,The Port,3,1,1,3,1,93,3.96
275.00,0.90,0.89,f,Mid-Cambridge,4,1,2,2,4,80,0.58
170.00,1.00,1.00,t,Cambridgeport,7,1,3,3,6,98,5.08
149.00,1.00,0.84,t,Agassiz,2,1,2,1,1,100,0.34
110.00,1.00,1.00,t,The Port,2,1,1,0,1,97,2.07
125.00,N/A,1.00,f,Area 2/MIT,3,1,1,1,1,90,0.28
350.00,N/A,0.86,f,East Cambridge,5,2,2,2,1,100,0.58
55.00,1.00,0.99,f,West Cambridge,2,1,1,1,1,,
950.00,0.80,0.57,f,Mid-Cambridge,6,3.5,4,4,6,100,0.13
45.00,N/A,1.00,f,West Cambridge,1,1,1,1,1,100,0.15
150.00,0.00,1.00,f,Strawberry Hill,4,1,2,1,4,,
145.00,0.83,0.88,f,Cambridgeport,2,1,1,1,1,100,0.13
200.00,0.96,0.88,f,Mid-Cambridge,5,1,2,3,2,91,1.84
200.00,1.00,0.92,f,East Cambridge,3,1,1,2,2,,
92.00,1.00,0.96,f,The Port,2,1,2,1,1,92,3.4
345.00,1.00,1.00,f,North Cambridge,11,2,4,6,8,93,2.22
130.00,0.92,0.91,f,East Cambridge,6,1,2,2,4,40,1
80.00,0.89,0.95,f,Mid-Cambridge,3,1,1,3,1,100,0.15
150.00,N/A,0.87,t,Mid-Cambridge,4,1,2,3,2,98,2.64
20.00,1.00,1.00,t,Neighborhood Nine,3,1,0,1,2,100,2.19
195.00,1.00,0.79,f,West Cambridge,2,1,1,1,2,100,0.79
146.00,N/A,N/A,f,The Port,4,2,2,2,1,,
136.00,1.00,0.98,f,Mid-Cambridge,4,1,2,2,2,,
100.00,0.80,0.88,f,West Cambridge,1,1,1,1,2,80,0.34
325.00,0.89,0.83,f,Riverside,4,1,2,4,4,100,0.6
350.00,0.89,0.83,f,West Cambridge,4,1,2,2,4,,1
115.00,1.00,0.84,f,West Cambridge,2,1,0,1,1,,
97.00,0.90,0.46,f,Riverside,2,1,1,1,1,80,0.41
119.00,0.90,0.46,f,Cambridgeport,2,1,1,1,1,,
55.00,0.60,0.31,f,Mid-Cambridge,1,1,1,1,1,93,1.75
142.00,0.90,0.46,f,Cambridgeport,2,1,1,1,1,90,0.38
50.00,1.00,0.85,f,Wellington-Harrington,1,2,1,1,1,,
299.00,0.85,0.95,t,Strawberry Hill,8,2.5,4,4,4,99,4.01
100.00,1.00,1.00,f,The Port,2,1.5,1,2,1,,
85.00,0.91,0.97,f,Mid-Cambridge,2,1,1,1,1,87,0.71
200.00,0.91,0.97,f,Mid-Cambridge,6,1.5,2,3,1,87,0.98
153.00,1.00,0.98,f,Mid-Cambridge,2,1,1,1,1,,
180.00,1.00,0.92,f,East Cambridge,4,1,1,2,2,80,0.41
370.00,N/A,N/A,f,Mid-Cambridge,4,1,3,3,2,,
200.00,0.91,0.97,f,Mid-Cambridge,5,1,2,3,2,100,0.35
250.00,1.00,0.98,f,The Port,6,1,2,2,6,92,1.76
213.00,1.00,0.97,t,Riverside,5,1,1,3,3,98,3.35
100.00,1.00,0.98,t,The Port,2,1,1,0,2,,
234.00,0.97,1.00,t,East Cambridge,5,1,2,3,1,98,5.2
500.00,0.93,1.00,f,Riverside,9,2,4,7,6,,
42.00,N/A,0.10,f,East Cambridge,2,1,1,1,1,,
150.00,1.00,0.84,f,Riverside,5,1,2,2,1,,
189.00,1.00,0.98,f,Area 2/MIT,2,1,1,1,1,,
200.00,1.00,0.98,f,Area 2/MIT,2,1,1,1,1,,
35.00,1.00,1.00,f,Riverside,1,1,1,1,1,100,0.81
99.00,1.00,1.00,f,The Port,3,1,1,2,1,88,3.3
99.00,1.00,1.00,f,The Port,2,1,1,1,1,89,5.74
99.00,1.00,1.00,f,The Port,2,1,1,2,1,100,2.86
99.00,1.00,1.00,f,The Port,3,1,1,2,1,92,5.3
99.00,1.00,1.00,f,The Port,2,1,1,1,1,90,5.36
99.00,1.00,1.00,f,The Port,2,1,1,2,1,91,4.79
249.00,0.89,0.83,f,Mid-Cambridge,4,1,2,2,1,100,0.5
110.00,N/A,0.90,f,Mid-Cambridge,2,1,1,1,2,100,1.38
160.00,N/A,0.94,f,Mid-Cambridge,2,1,1,1,1,70,1.26
200.00,1.00,0.93,f,Mid-Cambridge,6,1,2,2,1,100,1.62
55.00,N/A,0.94,f,Mid-Cambridge,3,1,1,1,1,78,1.24
74.00,1.00,0.34,f,Neighborhood Nine,2,1,1,2,1,,
149.00,1.00,1.00,f,North Cambridge,4,1,2,2,1,99,2.86
99.00,1.00,0.99,f,The Port,2,1,1,1,1,90,4.82
99.00,1.00,0.99,f,The Port,3,1,1,2,1,88,4.2
99.00,1.00,0.99,f,The Port,3,1,1,2,1,91,5.05
140.00,N/A,0.94,f,Mid-Cambridge,2,1,1,1,1,70,0.68
70.00,N/A,N/A,f,Mid-Cambridge,1,1,1,1,1,,
300.00,1.00,0.89,f,The Port,6,1,2,4,1,96,1.59
200.00,1.00,0.90,f,East Cambridge,6,1,2,4,1,92,3.65
215.00,N/A,1.00,f,Wellington-Harrington,6,3,2,2,1,100,0.71
70.00,1.00,0.99,f,Cambridgeport,2,1,1,1,1,98,1.37
204.00,1.00,0.98,f,The Port,2,1,1,1,1,,
350.00,N/A,N/A,f,North Cambridge,6,2,3,4,1,,
77.00,1.00,0.34,f,Neighborhood Nine,2,1,1,2,1,,
60.00,N/A,N/A,f,Neighborhood Nine,1,1.5,1,2,1,,
65.00,1.00,0.96,f,Wellington-Harrington,2,1.5,1,1,1,93,0.53
120.00,1.00,1.00,t,Agassiz,2,1,1,1,2,100,0.75
116.00,1.00,0.98,f,The Port,2,1,1,1,1,,
175.00,1.00,0.98,f,The Port,2,1,1,1,1,,
250.00,1.00,1.00,t,Wellington-Harrington,6,2,3,3,1,100,3.05
60.00,N/A,0.13,f,Area 2/MIT,1,1,1,1,1,80,0.19
226.00,1.00,0.98,f,East Cambridge,2,1,1,1,1,,
130.00,0.89,0.83,f,Mid-Cambridge,1,1,1,1,1,88,0.92
129.00,1.00,0.98,f,East Cambridge,2,1,1,1,1,,
125.00,1.00,1.00,t,Neighborhood Nine,2,1,1,0,2,100,0.59
110.00,1.00,1.00,t,Agassiz,2,1,1,1,1,100,1.12
585.00,1.00,0.83,f,The Port,8,3,3,5,8,100,0.65
100.00,N/A,0.60,f,East Cambridge,1,1,1,1,1,95,0.94
350.00,1.00,0.93,f,East Cambridge,10,2,5,6,1,98,3.37
180.00,N/A,0.94,f,North Cambridge,2,1,1,1,1,100,0.37
129.00,1.00,0.98,f,East Cambridge,2,1,1,1,1,,
125.00,1.00,1.00,f,West Cambridge,6,2,2,3,4,100,3.7
149.00,1.00,1.00,t,Mid-Cambridge,4,1,2,2,1,93,5.23
400.00,0.70,0.79,f,North Cambridge,8,3,4,4,5,100,0.58
210.00,0.96,0.88,f,Mid-Cambridge,5,1.5,2,0,2,80,0.49
227.00,1.00,0.67,t,East Cambridge,4,2,2,2,1,,
156.00,1.00,0.67,t,East Cambridge,2,1,0,0,1,,
165.00,1.00,0.67,t,Area 2/MIT,2,1,0,0,1,,
185.00,1.00,0.67,t,Area 2/MIT,2,1,0,0,1,,
245.00,1.00,0.67,t,East Cambridge,4,2,2,2,1,,
161.00,1.00,0.67,t,Area 2/MIT,2,1,0,0,1,,
78.00,1.00,1.00,f,East Cambridge,2,1,1,1,1,96,1.07
110.00,1.00,0.95,t,The Port,6,1,2,2,1,,
100.00,0.50,0.81,f,Neighborhood Nine,3,1,1,2,1,100,0.32
2250.00,1.00,0.95,f,North Cambridge,6,2,2,3,1,98,3.61
213.00,1.00,0.98,f,The Port,4,2,2,2,2,,
165.00,1.00,0.98,f,The Port,2,1,1,1,1,,
78.00,1.00,0.96,f,Wellington-Harrington,2,1.5,1,1,1,100,0.97
68.00,1.00,0.96,f,Wellington-Harrington,2,1.5,1,1,1,,
209.00,1.00,0.67,t,Cambridgeport,4,1,2,2,1,,
170.00,1.00,0.98,f,Agassiz,2,1,1,1,1,,
111.00,1.00,0.98,f,Agassiz,2,1,1,1,1,,
165.00,1.00,0.98,f,Agassiz,2,1,1,1,1,,
166.00,1.00,0.98,f,Mid-Cambridge,2,1,1,1,1,,
176.00,1.00,0.67,t,The Port,2,1,1,1,1,,
95.00,1.00,1.00,f,North Cambridge,2,1,1,1,1,60,0.39
203.00,1.00,0.67,t,Mid-Cambridge,4,1,2,2,1,,
80.00,N/A,N/A,f,Cambridgeport,2,1,1,0,1,,
29.00,0.89,0.91,f,Strawberry Hill,1,1,1,,1,88,2.61
28.00,0.89,0.91,f,Strawberry Hill,1,1,1,1,1,94,1.79
137.00,1.00,0.98,f,Mid-Cambridge,2,1,1,1,1,,
35.00,1.00,0.40,f,Neighborhood Nine,1,1,1,,1,,
210.00,0.89,0.83,f,Mid-Cambridge,4,1,2,2,4,,
150.00,0.96,0.88,f,Mid-Cambridge,2,1,1,2,2,,
250.00,1.00,1.00,t,North Cambridge,10,2,5,5,6,,
250.00,1.00,0.99,t,Riverside,8,1.5,3,3,6,,
250.00,1.00,0.98,f,Riverside,8,1.5,3,4,6,,
400.00,0.70,0.79,f,North Cambridge,8,3,4,4,5,100,0.53
59.00,N/A,1.00,f,Wellington-Harrington,2,1,1,0,1,,
99.00,0.89,0.83,f,Mid-Cambridge,1,1,1,1,1,,
141.00,1.00,0.67,t,Cambridgeport,2,1,0,0,1,,
161.00,1.00,0.67,t,The Port,2,1,0,0,1,,
173.00,1.00,0.67,t,The Port,2,1,1,1,1,,
149.00,0.89,0.91,f,West Cambridge,4,1,2,2,2,60,1.96
65.00,0.90,0.68,f,Neighborhood Nine,6,1,2,3,4,100,0.37
80.00,0.90,0.68,f,Neighborhood Nine,3,1,1,2,2,100,0.71
160.00,0.90,0.68,f,Neighborhood Nine,3,1,1,2,4,,
165.00,0.92,0.91,f,East Cambridge,8,1.5,3,5,3,100,0.61
170.00,0.90,0.69,f,North Cambridge,9,1,3,4,4,80,2.31
120.00,1.00,1.00,f,Mid-Cambridge,1,2.5,1,0,1,,
210.00,0.90,0.69,f,North Cambridge,6,1,3,5,3,96,2.05
99.00,0.89,0.83,f,Mid-Cambridge,1,1,1,1,1,100,2.14
2500.00,1.00,0.99,t,Mid-Cambridge,16,8,8,16,8,,
75.00,0.90,0.68,f,Agassiz,3,1,1,2,2,,
110.00,0.90,0.68,f,Neighborhood Nine,6,1,2,3,3,,0.44
74.00,1.00,1.00,f,Cambridgeport,2,1,1,1,1,100,5.13
90.00,1.00,1.00,f,Cambridgeport,4,1,1,2,2,95,1.76
49.00,1.00,0.46,f,Riverside,2,1,1,1,1,80,2
75.00,0.80,0.33,f,Cambridgeport,2,1.5,1,1,1,,
75.00,1.00,1.00,f,North Cambridge,1,2,1,1,1,,
100.00,1.00,0.92,f,East Cambridge,2,1,1,1,2,100,2
124.00,1.00,0.98,f,Area 2/MIT,2,1,1,1,1,,
199.00,1.00,0.95,f,Strawberry Hill,8,1,2,5,4,93,1.96
199.00,1.00,0.95,f,Strawberry Hill,7,1,2,6,4,100,2.14
245.00,1.00,1.00,f,West Cambridge,6,1,3,3,5,80,0.53
53.00,1.00,1.00,t,West Cambridge,2,2,1,1,1,,
150.00,0.80,1.00,f,North Cambridge,2,1,1,1,1,,
178.00,1.00,0.98,f,East Cambridge,2,1,1,1,1,,
175.00,1.00,0.98,f,East Cambridge,2,1,1,1,1,,
62.00,1.00,0.96,f,The Port,2,1,1,1,1,,
195.00,1.00,0.67,t,Riverside,4,2,2,2,1,,
147.00,1.00,0.67,t,Cambridgeport,2,1,0,0,1,,
107.00,1.00,1.00,f,Mid-Cambridge,2,1,1,1,1,100,1
56.00,1.00,0.98,f,The Port,2,1,1,1,1,,
75.00,1.00,0.96,f,The Port,2,1,1,1,1,,1
187.00,0.89,0.91,f,Strawberry Hill,4,1,2,2,1,100,2.05
118.00,1.00,0.98,f,Mid-Cambridge,4,1,2,2,2,,
179.00,1.00,0.67,t,Area 2/MIT,2,1,1,1,1,,
179.00,1.00,0.67,t,Area 2/MIT,2,1,1,1,1,,
167.00,1.00,0.67,t,Area 2/MIT,2,1,0,0,1,,
300.00,1.00,0.92,f,East Cambridge,5,1,2,3,2,,
42.00,1.00,1.00,f,Mid-Cambridge,1,1,1,1,1,100,1
200.00,0.50,0.50,f,Neighborhood Nine,2,1,1,1,1,,
220.00,1.00,1.00,t,Strawberry Hill,5,1,2,1,1,,
219.00,1.00,0.98,f,The Port,2,1,1,1,1,,
55.00,1.00,0.99,t,North Cambridge,1,2,1,1,1,,
55.00,1.00,0.98,f,North Cambridge,1,2,1,1,1,,
79.00,0.92,0.71,f,The Port,2,1,1,,1,,
85.00,1.00,N/A,f,Neighborhood Nine,2,1,1,2,1,,
285.00,N/A,N/A,f,The Port,4,2,3,4,1,,
125.00,0.90,0.68,f,Neighborhood Nine,3,1,1,1,1,,
125.00,0.90,0.68,f,Neighborhood Nine,3,1,1,2,1,,
125.00,0.90,0.68,f,Neighborhood Nine,3,1,1,2,1,,
125.00,0.90,0.68,f,Neighborhood Nine,3,1,1,2,1,,
224.00,1.00,0.83,f,North Cambridge,6,3,3,4,1,,0.81
125.00,0.90,0.68,f,Agassiz,3,1,1,2,1,,
125.00,0.90,0.68,f,Neighborhood Nine,3,1,1,2,1,,
135.00,1.00,1.00,f,Cambridgeport,2,1,1,1,1,,
38.00,1.00,0.99,t,North Cambridge,1,2,1,1,1,,
38.00,1.00,0.98,f,North Cambridge,1,2,1,1,1,,
125.00,0.90,0.68,f,Neighborhood Nine,3,1,1,2,1,,
125.00,0.90,0.68,f,Neighborhood Nine,3,1,1,2,1,,
200.00,N/A,0.25,f,North Cambridge,2,1,2,4,1,,
38.00,1.00,0.99,t,North Cambridge,1,2,1,1,1,,
38.00,1.00,0.98,f,North Cambridge,1,2,1,0,1,,
111.00,1.00,0.90,f,Cambridgeport,3,1,1,2,1,,
250.00,1.00,0.92,f,East Cambridge,5,1,2,3,3,,
110.00,N/A,1.00,f,Neighborhood Nine,2,3,1,2,1,,
110.00,N/A,1.00,f,Neighborhood Nine,2,3,1,2,1,,
110.00,N/A,1.00,f,Neighborhood Nine,4,3,1,2,1,,
110.00,N/A,1.00,f,The Port,4,1.5,1,2,1,,
110.00,N/A,1.00,f,The Port,4,1.5,1,2,1,,
110.00,N/A,1.00,f,The Port,4,1.5,1,2,1,,
110.00,N/A,1.00,f,Cambridgeport,4,1.5,1,,1,,
110.00,N/A,1.00,f,Cambridgeport,4,2,1,,1,,
110.00,N/A,1.00,f,Cambridgeport,4,2,1,,1,,
130.00,1.00,1.00,f,Cambridgeport,2,1,1,1,1,,
53.00,1.00,1.00,f,North Cambridge,2,1,1,,1,100,1
128.00,1.00,0.83,f,North Cambridge,2,1,1,1,1,,
65.00,1.00,N/A,f,Riverside,1,1,1,,1,,
150.00,1.00,1.00,f,West Cambridge,2,2,1,,1,,
53.00,1.00,1.00,t,Neighborhood Nine,2,2,1,,1,,
55.00,0.91,0.87,f,The Port,2,2,3,1,1,,
385.00,1.00,1.00,f,East Cambridge,4,2,2,,1,,
450.00,1.00,0.98,f,East Cambridge,4,2,2,3,1,,
350.00,0.90,0.68,f,Neighborhood Nine,9,1,2,5,1,,
999.00,0.98,0.98,f,Cambridgeport,5,1,2,2,1,,
114.00,0.89,0.67,f,Cambridgeport,3,1,1,1,1,,1
999.00,0.98,0.98,f,The Port,3,1,1,1,1,,
70.00,1.00,1.00,f,Wellington-Harrington,2,1,1,2,1,,
85.00,1.00,0.46,t,Agassiz,3,2,1,2,1,,
999.00,0.98,0.98,f,The Port,5,1,2,2,1,,
999.00,0.98,0.98,f,The Port,5,1,2,2,1,,
999.00,0.98,0.98,f,The Port,5,1,2,2,1,,
999.00,0.98,0.98,f,The Port,5,1,2,2,1,,
999.00,0.98,0.98,f,The Port,5,1,2,2,1,,
999.00,0.98,0.98,f,The Port,2,1,0,1,1,,
136.00,0.90,0.69,f,North Cambridge,4,1,0,2,1,,
48.00,1.00,0.74,f,Cambridgeport,2,1,1,1,1,,